,Unnamed: 0,ID,review_description,rating
0,0,1,اهنئكم على خدمه العملاء في المحادثه المباشره ما قصرو الله يوفقهم ويعطيهم الف عافيه,1.0
1,1,2,ممتاز جدا ولكن اتمنى ان تكون هناك بعض المسابقات والجوائز مثل طلبات السعودية فسوف يكون هناك مستخدمين اكثر و افضل,1.0
2,2,3,كل محملته يقول تم ايقاف حطيت2 عشان تسوون الخطاء,-1.0
3,3,4,شغل طيب,1.0
4,4,5,بعد ماجربت,1.0
5,5,6,وايد زين,1.0
6,6,7,سيئ جدا جدا,-1.0
7,7,8,تطبيق ضعيف لا يليق بشركه كبيره مثل رأيه واغلب الوقت عند استخدام التطبيق تظهر رساله نعمل على حل المشكله,-1.0
8,8,9,٠ ٠ؤ٩,-1.0
9,9,10,السواقين بيكدبوا ومبيجوش وبيكنسلوا الرحلات مع نفسهم انصحكم بأوبر والله برقبتهم على الاقل ببعاقبوا المخالف,-1.0
10,10,11,يستحق 5نجوم واكثر,1.0
11,11,12,رائع .,1.0
12,12,13,والله برنامج جدآ رائع ارجوكم استمره,1.0
13,13,14,انا طلبت وجبه مع ببسي وصل الساعة سبعة,1.0
14,14,15,أنا عايشه بصلاله،يعني ما في إلا ثلاث مطاعم بصلاله ليش صلاله فيها واجد مطاعم وأرجو حل هذه المشكله,-1.0
15,15,16,ني هتيعز,1.0
16,16,17,Very bad 👎,-1.0
17,17,18,المنطقة التي انا فيها لا تدعم التطبيق الاردن/عمان/الموقر/الذهيبة الشرقية,-1.0
18,18,19,المشكله لاتوجد صور للوجبات ..فقط البعض منها,1.0
19,19,20,ياعمي توصيل ساعه ونص وبعد انتهاء الوقت لم يقبل الطلب!!!! في تطبيقات منافسه اكثر مصداقية وثقه,-1.0
20,20,21,يا ليت يوصل في سلطنة عمان,1.0
21,21,22,فخميين,1.0
22,22,23,خالص التقدير للفكره بجد ذاتها .....و الشركه تنفذها كما ينبغي قدر الامكان تحياتي مع رجاء تحسين جوده تتبع الرحله,1.0
23,23,24,برنامج جدا جدا جدا فادني صراحه # شكرا_طلبات,1.0
24,24,25,ياجماعه انا عمري ما طلبت لكن التليفون كان اطلب من عليه لكن الخط لا ومفيش اي عروض,-1.0
25,25,26,لا بأس فيه بس مرات تطلب ولما تختار وتخلص يقولك المطعم مغلق ؟!!!,-1.0
26,26,27,خدمة ممتازه و أفضل ابلكيشن يخدم الواحد اذا ما يعرف شنو يبي,1.0
27,27,28,جميل جدا جميل بمعنى الكلمة,1.0
28,28,29,نرلااننلنبنينلنقتقههبنبتلورىوتلعقنرزرنبهثخسضححسؤمرزقنهقهبمبرززىوىزبنبنرنبنقهقنبميميسككسيثسجضشططشيمبملنلنلنلتلتتللتلتلتتففعتلبتلتلتلتتلنلنلمبمبنللنهلتلتلتلعللعهلهللنلنهلقههققهقههقلننبنقنقبنلننقنقهقنبنلهقهقخسخحصحبعهعلاعع6٦غغفلابنبنبميمققمخققخقخقخخقمققمبممبنببمبنمقنقمققننقنقنقنقتلتتتلنلنلنللنلنلننللنلنلننالننلنلنللنفنلنلننلنلنبنثهببنبنبنقننفنفنلناناهاهاهفاهافهفهفههفهعفهفهفهفهفهفهفالميملململمململنمبنبنلنلتللتتتتتتتتتنتنللهلنرننررننبنللنلتتللتلتلتلتتببتلتتلتبتبتبتبلتتلتلعقتلتلتبتىىتوىوىوىوىتلنلهببههب,0.0
29,29,30,سيئ للغاية بتطلب الطلب بيوصل اشي تاني,-1.0
30,30,31,أطلب بيتزا وبيج ماك أنا مشهور تامر من عرب الخلوه دي منور الدنيا أنا ينزل ا,1.0
31,31,32,حراميه,-1.0
35,35,33,للاسف المعاملة تحولت للاسوأ وآخر طلب طلبته كان علب حلويات وجاتوه وكنافة بالكريمة وصلتنى مقلوبة ومهروسة ببعضها ولم اكتشف ذلك الا بعد انصراف عامل التوصيل,-1.0
36,36,34,للأسف العاملين على طلبات والسواق غير مؤهلين ودائما الطلب يكون ناقص او بارد هل هو متعمد من المطاعم او السواق ياكلون الأكل ودائما ماعندهم فكه و مو عارف العنوان تم إلغاء البرنامج,-1.0
37,37,35,طلب زفت مايستاهل حتى ربع نجمه,-1.0
38,38,36,ممتاز افضل من هنقرستيشن,1.0
39,39,37,وبسسس تيشيلغاليسسششسبهصسسشششششسسصسسيسسسسسسششبسشسنتخليشيسسششسسسشششضضحض👨🏻‍🎓👨🏻‍🎓👨🏻‍🎓👨🏻‍🎓👨🏻‍🎓👨🏻‍🎓👨🏻‍🎓👨🏻‍🎓👨🏻‍🎓 حذاء كرت كرت كرت عبد الوهاب علاج فيري حساب عبد الوهاب علاج فيري,1.0
40,40,38,برنامج ممتاز وسعر التوصيل رمزي,1.0
41,41,39,تاا,1.0
42,42,40,افضل تطبيق لطلابات من المطاعم في الكويت,1.0
43,43,41,مرررره جميل وانصح الجميع يحمله 😀😉,1.0
44,44,42,من تجربتي ممتاز,1.0
45,45,43,ممتاز جدا جدا جدا جدا جدا جدا جدا جدا جدا جدا جدا جدا جدا اوصي الكل بتنزيله هيوفر عليك الوقت والمجهود,1.0
46,46,44,جمممممييللللل,1.0
47,47,45,لم يعجبني,-1.0
49,49,46,اكتر خدمه عملاء سيئه على الاطلاق و عن طريق الواتس اب وعن طريق الكول سنتر كمان ....للاسف تجربه لن تتكرر مع رايه,-1.0
50,50,47,راااائع👏🏻👏🏻,1.0
51,51,48,زفت ومش شغال,-1.0
52,52,49,جدآ ممتاز,1.0
53,53,50,ممتاز جدا وعملي يحتاج فقط إشراك جميع المطاعم في البرنامج,1.0
54,54,51,جميل جميل البرنامج,1.0
55,55,52,افضل شيء يجيك طلب بسرعه,1.0
56,56,53,سيا سيا,-1.0
57,57,54,التطبيق مش مستقبل المكان بتاعي,-1.0
58,58,55,تجربة سيئة جدا جدا والاكل بيجي غلط جدا والفلوس مش بعرف استردها وبجد ابلكيشن سيئ,-1.0
59,59,56,Baad,-1.0
60,60,57,1-مهم ان يضاف موقع الطالب عبر جوجل ماب لخدمة التوصيل وعدم الاكتفاء بالعنوان  2-مهم ان يكون لمستخدمي التطبيق اسعار او عروض خاصه ولا نطلع من المولد بلا حمص,1.0
61,61,58,بعد انتظار طال لساعتين ونصف تواصلت مع الدعم الفني وعند انتظاري له لاخباري بسبب التأخير اكتشفت انه الغى طلبي بعد تواصلي معه مباشرة ورجعت تواصلت معهم ليتم الرد ب : نعتذر يبدو انه يوجد مشكلة في المطعم!,-1.0
62,62,59,إنه لا يحدد الموقع في الفيوم,-1.0
63,63,60,طلبت قبل شوي خبز سيئ جداً وصلني الخبز كأنه اله شهر مخبوز لا انصح,-1.0
64,64,61,تعال,1.0
65,65,62,تطبيق جميل جدا و رائع عندما تكون جوعان مثلي انا 💜💜💜💜💜👽,1.0
66,66,63,حملتو ع الفاضي مبيفتحش .😡😡😡😡,-1.0
67,67,64,طلبات تاخير في كل وقت ومافي متابعة من الادارة,-1.0
68,68,65,تطبيق ممتاز ودقه في التوصيل,1.0
69,69,66,ممتاز جدا من جميع النواحي,1.0
70,70,67,سيء للغايه خصوصاً المطاعم بتبيع ارخص منه لأنه طماع بدو عموله من المطاعم جربو احكو مع المطعم,-1.0
71,71,68,ما شاالله وصل بسرعه وكان حارا ولذيذ شكرا,1.0
72,72,69,كنت قاعد بطلب وجبة و معاي قسيمة خصم بقيمة 5.5jd اخذو القسيمة و ما كمل الطلب ف بتوقع انه تطبيق سيئ و احتيالي,-1.0
73,73,70,السعر ( اغلا) والجوده ليست كالتي نشتريها بأنفسنا من المحل,0.0
74,74,71,ده كله بالانجليزي اجدعااان ليه بس الاحراج ده 😒😒,-1.0
75,75,72,مممممممتااااااااااااز,1.0
76,76,73,يجنننن😍😍😍😍😍,1.0
77,77,74,تطبيق فاشل وكل لما احاول الدخول لم أحصل على نتيجة,-1.0
78,78,75,خصم Alex30 مش راضي ينفعل و بيكتبو لا يمكن استخدام القسيمه,0.0
79,79,76,البرنامج مو بيفتح ليه؟,-1.0
80,80,77,"انا بسمع عن استخدامات المريحة لكن للأسف حاولت استخدامه ما عرفتش و ايه هي خطوطه و ياريت يبقى متاح التنقل به داخل مدينة ٦ اكتوبر او العبور مثلا لا يكون مقتصر على المسافات البعيدة فقط و بالتوفيق
",-1.0
81,81,78,برنامج سيئ جدا جدا جدا .. دائما يتم الخروج ولايتم الاستفاده من الغرض القائم عليه .,-1.0
82,82,79,مره والتطبيق حلو,1.0
83,83,80,بجنن,1.0
84,84,81,رائع بدرجة كبيرة تخيلوا اني جوعا ومافي أحد عشان يروح يشتري أقوم أخذ الجوال واطلب اولاين,-1.0
85,85,82,يا ريت توفير اللغه العربيه,-1.0
86,86,83,حبيت التطبيق سهل وسريع,1.0
87,87,84,ممتاز جدا اعجبني كثيرا,1.0
88,88,85,جميل جدا ولا يسأل أسإله كثيره,1.0
89,89,86,بصراحة وايد حلو التطبيق,1.0
90,90,87,رائع جداً انصح بتحميلة,1.0
91,91,88,✌✌✌من الكويت 👏👏👏,1.0
92,92,89,٥؛غفف٤ففففق 😘😘 ،.... زء👩‍❤️‍💋‍👨 من تهه787هخح؟ ج ٨ج9$٨ ٩ ٩ II 7 8 9 عند ابويا حاجه لما يجيب حاجه يا بابا حاج حاجه,0.0
93,93,90,ممتاز جدا مايتأخر ويوصلك الاكل ساخن,1.0
94,94,91,رائع بس ليش مافيه في مدينه خميس مشيط.,1.0
95,95,92,أفضل من تطبيق hollofood,1.0
96,96,93,جد جد جميل,1.0
97,97,94,خدمه العملاء ذوق جدا,1.0
98,98,95,العملاء وقحين 😡,-1.0
99,99,96,عنجد عالطلب شكرا الكم,1.0
100,100,97,ليش ما بتبعثولي قسيمة كثير ناس بتوصلهم قسائم انا ما بوصلني اشي 🤔,1.0
101,101,98,برنامج طلبات الصراحة بخيل شوية في الخصومات وان جالي خصم كبير يبقي صلاحيته لحد تاني يوم وبس,-1.0
102,102,99,بطل يجي عند الرمز الاستلام لما اطلب ولا حدا برن عليه شو المشكلة,-1.0
103,103,100,خوش تطبيق والله الله يرحم الدلفري المات,1.0
104,104,101,اسمع يوصل في قرية,1.0
105,105,102,تم حظر حسابي دون اي سبب واعذار سخيفه هناك تطبيقات افضل منكم وانا انصح جميع المستهلكين التحويل اليها,-1.0
106,106,103,انا موجود في قطر بروة سيتي مسيمير ولا أستطيع استخدام التطبيق لطلب الطعام دائما يرسل الموقع خارج نطاق الخدمة,0.0
107,107,104,مش عارف اتحرك من محافظة الشرقيه لطور سيناء حاجه🤮🤮🤮🤮,-1.0
108,108,105,تطبيق أكثر من رائع جدا في توصيل الطلبيات,1.0
109,109,106,��😘😘😘😇,
110,110,107,لا يوجد توصيل لمديتني,-1.0
111,111,108,برنامج اهبل لا احد يحمله,-1.0
112,112,109,woow,1.0
113,113,110,حبيت طلبات خليك مع طلبات يوصلك للبيت جيد جدا 💓💖❤️🤩😍❤️💞💕💖💖💖💖 تعليق فوق اتعليق طلبات خمسه نجوم سريع ومهتم بطلب انصح الكل يجرب طلبات ولو مره وتشوف يوصلك الاكل حار وفلوسك اذا لغيت الطلب بيرجعلك ماينقص ريال خليك مع طلبات والله ماهو مدح انا اتكلم من قلبي بتوفيق ان شاء الله يكون بعونكم,1.0
114,114,111,شارع العباس,1.0
115,115,112,تحت التجربة ناكن دخلتو شوفتو حلو,1.0
116,116,113,حلو بس يتاخر وغير كذا يجي الاكل بااارد,1.0
117,117,114,من فضلكم ليه مافيش لمحافظة المنيا ومراكزها... رجاءا ضعوه في الخطه,1.0
118,118,115,ممتاز سريع التوصيل,1.0
119,119,116,تاخير في بعض المطاعم ووصول الاكل بارد,1.0
120,120,117,رووووعة,1.0
122,122,118,تحديث,1.0
123,123,119,عنجد حلو ☺️☺️😊,1.0
124,124,120,لو م هينفع حد يساعدني ف مشكله البروموكود و حجز الرحله همسح البرنامج,-1.0
125,125,121,برنامج رائع جدا,1.0
127,127,122,هو حلو بس ليش وجبة BTS مو حاليه؟؟ ارجو الرد,1.0
128,128,123,راائع جدا,1.0
129,129,124,يستاهل اكثر من مليون نجمههههههه والله,1.0
130,130,125,السلام عليكم و رحمه الله و بركاته برنامج الطلبات مره فكره عضيمه و يستاهل خمس نجوم⭐⭐⭐⭐⭐,1.0
131,131,126,انا طلبت وصلني يعني تقريبا تأخر 5 دقائق بس حلو يعني وانا جالسه اطلب يوصلني 😍😍👌👌,1.0
132,132,127,مررره عجييب,-1.0
133,133,128,كثير زايدين سعر التوصيل و حتى اسعاررهم ظعف المحلات,0.0
134,134,129,تطبيق ممتاز جداً والوصول سريع 👌,1.0
135,135,130,ممتاز لاكن مش كل مطاعم موجوده بعضها صور مش معروضه فيصعب الاختيار,1.0
136,136,131,ياريت يكون فيه تسهيل أن اى حد يقدر يبعت على محفظتى فلوس من فورى من غير ما يكون فاتحة محفظة,-1.0
137,137,132,افشل تطبيق ممكن تشترى حاجه من عليه او تتابع مشترياتك واقساطك للشركة ديه,-1.0
138,138,133,لذيذه يم يم,1.0
139,139,134,جميل والرجاء الاسراع اكثر,1.0
140,140,135,والله بالنسبه لي الحلو بيوصل بسرعه,1.0
141,141,136,لا يفتح بعد التحديث فيها رصيد اعمل ايه,0.0
142,142,137,خدمة العملاء تتأخر في الرد,0.0
143,143,138,رائع رائع رائع رائع رائع رائع,1.0
144,144,139,حلو وسهل الاستخدام. يحفظ موقعك الجغرافي بدقة عند الطلب للمرة الاولى بضمان ايميلك وجوالك. التطبيق مريح ويعرض المنيو كامله. يزيد على اسعار المنيو من ١٠ الى ٤٠ ريال رسوم توصيل. من عيوب التوصيل ان الطلب ياخذ ساعة ويمكن اكثر. المشكله اذا وصل الطلب بارد او معجن.,1.0
145,145,140,afdel bernameg llakl,1.0
146,146,141,انا رحت بيتنا في بيتنا القديم و الحديث أكثر المقالات قراءة ترشيد استهلاك المياه وادي الذئاب الجزء السادس الحلقة مشاهدة مباشرة مسلسل دقات قلب الحلقة الاخيرة مسلسل وادي الذئاب الجزء السادس الحلقة مشاهدة مباشرة مسلسل دقات قلب الحلقة الاخيرة مسلسل بنات الثانوية الحلقة الاخيرة اعتقال معمر القذافي صور مسلسل,1.0
147,147,142,سئ جدا نزلته و مسحته 4 مرات و مش بيفتح,-1.0
148,148,143,شركة محترمه,1.0
151,151,144,البرنامج جداااا بطيئ لو في أقل من نجمة كان حطيت عنجد لازم تصلحو هاي المشكلة لان البرنامج بطيئ ما بطلع صور,-1.0
152,152,145,الايهن تغصث فتباغ,1.0
153,153,146,تطبيق زي الزفت لا هو الزفت نفسه ماعندهم احترم للمواعيد ولاشي تطلب الساعه 6 يجيك الساعه 10,-1.0
154,154,147,يعني بالله حاطين فيديو اختر من مطاعمك وجميع المطاعم وفي النهايه ادور ما القى الا شاي ذا حق الكيك هذا مطعم بالله فصفص بنص ارجل منه ما انصح بتحميله ابد خايس مخيس خسيس كل شي فيه سيئ يولد لاحد يحمله مانصح فيه ذاكره الجهاز تمتلي عل فاضي بس عبرت عن القهر الي جاني يلا برب 🙋,-1.0
155,155,148,بس شباب لا يوجد بيتزا هت,1.0
156,156,149,احببت التطبيق,1.0
157,157,150,التطبيق جميل جدا انصح بتحميله بس هنجر ستيشن بايخ,1.0
158,158,151,تجربه ممتازه وروعه بجد بس ياريت يبقا ف كذه باص بحر يبقاا احسن,1.0
159,159,152,من أفضل برنامج كل ما تريد كل ما تشتهي 🥰🥰🥰🥰💞💞💞💞,1.0
160,160,153,انا استخدمه بس لااكتشف المطاعم,0.0
161,161,154,دا مش برنامج اصلا دا شلل,-1.0
162,162,155,ولاية بركاء/منطقة البله,-1.0
163,163,156,موعجييييييييييييبة ولا تطلعوها,-1.0
164,164,157,٩دو٩ةخرع٦,1.0
165,165,158,للاسف موقع غريب عجيب بتاريخ ١٣ /٥ لغيت طلبيه بقيمة ١٥ دينار بعثولي اشعار راح يرجعو لحسابك من خمس ايام الى عشر ايام للان مارجعوهم تواصلت معهم طلبو مني رقم الطلبيه دخلت لقيت كل شيء ممسوح حتى طلباتي السابقه ممسوحه موقع بحجم طلبات تصرفهم غير لائق صراحه,-1.0
166,166,159,تطبيق راااائع احلى اشي فيه انه يوصلك الأكل مثل ما هو ما يكون واقع او ناقصه شي بس المشكله انت يتأخر أكثر من 30 دقيقه يكون شي رائع اذا كان التوصيل أقل من هيك,1.0
167,167,160,تطبيق رائع وانصح الطا بتحميله,1.0
168,168,161,انشالله يعجبني,1.0
169,169,162,كل شي حلو بس تأخير شوية,1.0
170,170,163,إضافة خاصية الدفع ببطاقة الائتمان لكل المطاعم و تحديد موقع المطعم,1.0
171,171,164,احله,1.0
172,172,165,مصر مش موجودة 😠,-1.0
173,173,166,تقيل ونظام فاشل,-1.0
174,174,167,عدم تواصل معاهم بس أشكركم على إهتمام طلبات,1.0
175,175,168,تطبيق ممتاز استفدت منه في دول الخليج,1.0
176,176,169,فوق الممتاز خدمات سريعه,1.0
177,177,170,ممتاذ,1.0
180,180,171,افضل برنااااااااااااااامج في العااااااااااااالم,-1.0
181,181,172,هو هيوصلنى من المكان اللى على مزاجه للمكان اللى على مزاجه,-1.0
182,182,173,جميل روووعة التطبيق,1.0
183,183,174,سريع فالطلب,0.0
184,184,175,خمتتتمتنممتمم لا ممكن اعرف ممكن منه ما ما فاهم مادته ما هي فوائد مما يجعل له في نعم مع غيره 6غنكغت,1.0
185,185,176,ناررررررررؤؤرررررظليؤؤقغؤقعك,1.0
186,186,177,جميل جدااا و أنصحكم تحملونه,1.0
187,187,178,تره زعجتوني كل ما افتح فيديو على اليوتيوب يطلع اعلانكم كافي .......... .🙄,-1.0
188,188,179,جيد جدا و شكرا لكم,1.0
189,189,180,تطبيق فاشل بمعني الكلمة,-1.0
190,190,181,مرحبا انا من الأردن هناك شيء ناقص في مطعم McDonald's ليش ما في بيج ماك تشكين بس في لحم لازم يكون في كمان دجاج بيج ماك تشكين ورجاء أصلاح المشكلة,0.0
191,191,182,انااحب هذا البرنامج صرحت بس اكتسح وعي يتحمل ، 💚💙❤️💛🧡💜💝💞💟,1.0
192,192,183,جيد جدا أنصح به,1.0
193,193,184,التطبيق ممتاز لكن رجاء اضافة خدمة تحديد العنوان تلقائيا عن طريق الموقع في الجوال,0.0
194,194,185,اهنيكم ع البرنامج,1.0
195,195,186,الاكل,1.0
196,196,187,هههههههه٧,1.0
197,197,188,مرا رهيب يستحق 5نجوم,1.0
198,198,189,Love,1.0
200,200,190,بس يريت الطلب يوصل بعد 30 دقيق احسن من 60 دقيقه,1.0
201,201,191,اضخم برنمج,1.0
202,202,192,ابن كلاب,-1.0
203,203,193,تجربه رائعه,1.0
207,207,194,البرنامج حلو جداً بس عايزين منتجات الرجوع للمدرسة,1.0
208,208,195,اقيمه نجمتين لأنه مايعرض كل المطاعم,-1.0
209,209,196,احلى تطبيق وافضل تعامل وارخص سعر للتوصيل,1.0
210,210,197,التطبيق زفت وما حلول انا موقعي ما يوصل وش هذا؟,-1.0
211,211,198,ك في تمنااى .،ؤءء ذ ءذ ءذذء ء ء ء منه ء د ء مخزن زعزوع ء .. ء ء ىط ء ء ء ء ء,0.0
212,212,199,تطبيق روووووعة تقييم 100000 نجمة 😍🥰,1.0
213,213,200,ممتازجدا,1.0
215,215,201,فوق الممتاز ونظيف,1.0
216,216,202,تطبيق توصيل رائع,1.0
217,217,203,Michael I,1.0
218,218,204,سيئ جدا والكابتن طول الطريق يتكلم مع صاحبه على التلفون واتاخر على معاد الوصول ساعة سيئ جدا لا انصح به,-1.0
219,219,205,الطلبات ادري انهم يرسلون طلبي و بس معا ذالك الطلبات دايم تتاخر لو تطلب انت تروح والله اسرع بشكل فرق 45 دقيقه بالقليل و ما اني طلبت مثير بس ما انصح به ابدا,-1.0
220,220,206,��❤️,
221,221,207,ممتاز جداااا,1.0
223,223,208,تبوك ثلاث مطاعم بس ومشغوله ٢٤ ساعة والتوصيل بعد ساعة و5 ريال لتوصيل,-1.0
224,224,209,جميييييل مرة بس الاكل بارد صح انه يوصل بسرعة لكن يكون بارد,1.0
225,225,210,خخخخخخخخخييييسسسس,-1.0
226,226,211,مش بيشغل كرت بنك ارجو حل المشكله,-1.0
227,227,212,ياريت يبقى في توصيل لمناطق كتيره كل فتره بخش بشوف في منطقتي ولا لا ياريت تبقو توفرو,1.0
228,228,213,جميلة جدا,1.0
231,231,214,وانا بحبها جدا انا اسمي بحبكم جدا جدا خالص و انا بحبكم خلاص ✍️📈📉ا بحث البرنامج اللي بيرجع ده كل الحاجات دي انا كنت عايزه انزلها 📱🍟🍔🥤,1.0
232,232,215,مش بتوصل كل حته,-1.0
233,233,216,خمس نجوم قليل عليكم والله خدمة ممتازه ومريحه وبنصح الكل يجرب التطبيق بكل مصداقيه وامانة,1.0
234,234,217,أفضل برنامج على الإطلاق,1.0
235,235,218,تطبيق فاشل انصح بعدم التحميل,-1.0
236,236,219,خدمة سريعة,1.0
237,237,220,ممتاز و جميل وسهل الاستخدام ولاكن سعر توصيل ٦٠٠ فلس ليش,1.0
238,238,221,والله من جد افخم تطبيق للمطاعم 👉🏼❤,1.0
239,239,222,"يحتاج إلى تطوير لينافس التطبيقات، لابد من أن تكون هنالك شروط لجودة أعلى، 
على المطاعم نشر تعريف دقيق بالوجبات وأيضا عدم اهمال الصور، اتوقع إن اهمال 
هذا يجعل التطبيق متخلفا، وأيضا لا أعلم ما فائدة تحديد موقع المكان والمطاعم 
لا تستخدمه وتتصل للوصف!",0.0
240,240,223,كييييف يشتغلللل بليييز قولو لولي,-1.0
241,241,224,التطبيق جميل وانصح باستخدامه,1.0
242,242,225,تجربتي سيئة جدا جدا.. تأخير متكرر بالطلبات وعادي جدا يتأخر الطلب ساعتين ونص.. ولما تشتكي يسكتوك ببطاقة خصم من غير أن تحل المشكلة.. لا يوجد تواصل بين خدمة العملاء وبين السائق.. ولا يوجد احترام للعميل.. نادمة على تعاملي معهم,-1.0
243,243,226,فلاصاايى,-1.0
244,244,227,تجربه سيئة لانكم ما بتوصلو اشي للهاشمية الزرقاء,-1.0
245,245,228,خره بي مديشتغل الله اكبر عليكم 😂💔,-1.0
246,246,229,التطبيق لسي هربو بس عيز اتاءكد انكم مش حرميا,1.0
247,247,230,رررررررررررررووووووووووععععععععهععععععههههههههههههههه,1.0
248,248,231,جيد جدا ❤️!!!!!!!!!!!!!!!!!!!!!!!!!!!!!!!!!!!!!!!!!!!!!!!!!!!!!!!!!!!!!!!!!!!!!!!!!!!!!!!!!!!!!!!!!!!!!!!!!!!!!!!!!!!!!!!!!!!!!!!!!!!!!!!!!!!!!!!!!!!!!!!!!!!!!!!!! خلاص يدي اتكسرت😂.,1.0
249,249,232,تطبيق عالمي,1.0
251,251,233,بجد خدمه ممتازه وسعرها كمان حلو خالص,1.0
252,252,234,غغ,1.0
253,253,235,جيدجدا,1.0
256,256,236,شركة عقارية مميزة للإسكان العقاري,1.0
257,257,237,ازعجتونا بدعاية الطفله وهذا اللي خلاني ألغي متابعتكم,-1.0
258,258,238,التطبيق جميل بس كنت عايز اعرف انا نزلي مبلغ 100 جنيه في محفظتي يا ترى المبلغ ده هاتحاسب منه ولا ايه ويا ريت زياده الخطوط من مدينه نصر إلى شبرا,1.0
259,259,239,وصل الطلب 20 دقيقه بس,1.0
260,260,240,خراااا اووى,-1.0
261,261,241,التطبيق جدا جدا جدا جدا خايس ما يستحق اي نجمه فاااااااااااااااشل جدا فاشل لا تحمل التطبيق ابداا,-1.0
262,262,242,لماذا لايفتح التطبيق عندي ارجو الرد🙁🙁,1.0
263,263,243,ربنا مع كل اللي بيعمر هذا البلد ومن نجاح الي نجاح,1.0
264,264,244,برنامج اكثر من رائع استفدنا منه كثيراا شكراا لكم وموفقين,1.0
265,265,245,لا يتعامل مع كباتن التوصيل بشكل جيد مما ينعكس علينا نحن الزبائن,-1.0
266,266,246,جميل جدا سريع تعويض مالي اذا في تأخير❤️,1.0
267,267,247,عموما البرنامج روعة بس احيانا المشكلة تجي من المطاعم بس التطبيق اكثر من رائع ☺,1.0
268,268,248,في العموم جيد ...اسباب التقييم ... مشاكل السيستم ، و نقاط التحرك والوصول تحتاج مراجعة في ضؤ تغير خريطة الطرق ، و فشل نظام عند وصول الرحلة في اول نقطة مبكرا قبل موعدها يتم التحرك للنقطة التالية بعد انتظار قد يصل احيانا الي ٢٠ دقيقة اواكثر احيانا ، عدم تركيب ولصق لوجو الشركة على الباصات ، عدم اعطاء السائقين اوامر شغل يعرضهم لمشاكل مع إدارة المرور بالطريق وسحب الرخص ، ....هذه اسباب اذا تم حلها سيتم زيادة درجة تقييم الشركة ...مع تمنياتي بالتوفيق للشركة,0.0
269,269,249,السلام عليكم كيف طريقة تسجيل مطعم في التطبيق علما بأني دخلت على الاستماره المرفقه في التسجيل كمطعم لكن هناك مشكله تقنيه نرجوا الافاده,1.0
270,270,250,سريع التوصيل و المشروب يكون بارد و الطعام حار,1.0
271,271,251,تححححفهههه,1.0
272,272,252,خرا جدا جدا جدا و زق Very bad,-1.0
273,273,253,هناك وصف لوجبات غير مطابق للحقيقه .. ولكن بشكل اجمالي لابأس به,0.0
274,274,254,وبعدين يقول بعد  75 دقيقه يوصل الطلب ويين بعدين ليه مايحدد موقي مو لازم اكتب الحي,-1.0
275,275,255,لا يوجد أي مصداقيه في عروض,-1.0
276,276,256,افضل تطبيق لتوصيل الطعام,1.0
277,277,257,الأسعار أغلى من الطلب المباشر من المطعم,-1.0
278,278,258,تجربه الشروق للمعادي. رائعه,1.0
279,279,259,التطبيق ممتاز..... بس بعض المطاعم ما بعطي الطلب حقة لا استوه ولا ملح يمكن بتعتمد أن الزبون مش قدمهم,1.0
280,280,260,مكان عملي,1.0
282,282,261,ممتاز ولكن هناك بعض المطاعم لايوجد فيها صور الاكلات,1.0
283,283,262,التطبيق ممتاز ومفيد ولكن اتعبتني كثرة الاعلانات اليومية يرجى النظر في ذلك حقيقة مزعجة جدا حتى افكر اني الغي التطبيق,0.0
284,284,263,بس يجب اضافه مطاعم اكثر,1.0
285,285,264,افضل من المكالمات انصحم فيه عشان بعد ما تعور راسك,1.0
286,286,265,نعم,1.0
289,289,266,حلو جدا جدا والتوصيل حلو,1.0
290,290,267,خدمه العملاء فاشلين,-1.0
291,291,268,طلبت من المطعم مباشرهوصل الطلب بسرعه اما عن طريق طلبات قعد اكتر من ساعه ونص تطبيق زفت,-1.0
292,292,269,سيءجدا الطلب غلط زيادة بالسعر تحطوا ١٧٥٠ندفع ٤دنانير ليش كل مايفتح التطبيق بتحول انجليزي عبرونا شوي حولنا عربي خلص لازم يثبت عربي,-1.0
293,293,270,اكتر من راع,1.0
294,294,271,زباله ومفكرين نفسهم اشترونا بتعويض تمن الرحله واحنا نقف بساعات ومحدش يعبرنا,-1.0
295,295,272,ابداع استمرو الله يقويكم,1.0
296,296,273,شكرررا، طلبت الطلب و تقريبا وصلني بعد 35-30 دقيقة و الطلب وصلني لحد بيتي ، و اللي يجلس يقول التطبيق خايس يراجع عنوان بيته يمكن وصفه غلط .,1.0
297,297,274,ما بتوصلوا لموقعي وموقعي قريب من عمان ١٠ دقايق يعني مش عارف لمين منزلين التطبيق المشكله انو ما بيوصل لعندي,-1.0
298,298,275,تفو,-1.0
299,299,276,الله يلعنكم ازعجتونا بالإعلانات هذي خلاص كرهتونا فيكم قسم بالله,-1.0
300,300,277,فاشل فاشل فاشل❌❌,-1.0
301,301,278,احلا,1.0
302,302,279,صدق في التعامل,0.0
303,303,280,ترى هذا البرنامج حق دول الخليج بس وشكرا,1.0
304,304,281,جميل وكماان طلبت منوو 💜,1.0
305,305,282,محمداسماعيل,1.0
307,307,283,جيد ولكن لماذا لا يوجد قسائم,1.0
308,308,284,لا يشتغل بعد التحديث الجديد لايوجد الا مطعمين,-1.0
309,309,285,برنامج كولش فاشل,-1.0
310,310,286,توريد وتركيب جميع انواع الحجر الطبيعي والرخام حجر مصري سوري سعودي أردني أراني هندي للقسائم والوجهات والطوابق والسرديب والأسوار وتركيب برويذ الدرايش والابواب وتركيب حجر السق,1.0
311,311,287,أنصح به يعجبني طريقة الطلب السهلة,1.0
312,312,288,ممتاز ارجو التوصيل في نطاق اوسع وعدم التأخير في التوصيل,1.0
313,313,289,ماشاء الله تطبيق مفيد جدا وينفع مره,1.0
314,314,290,للأسف الشديد فى البداية كان أفضل أما الآن فكثره من المطاعم والبائعين إختفوا من التطبيق !!! .,-1.0
315,315,291,ررررروعه,1.0
316,316,292,ناس محترمه جدا جدا جدا شكرا وألف شكر,1.0
317,317,293,جيد و سهل المعاملات,1.0
318,318,294,موقع إبداع والمتابعة ممتازه,1.0
319,319,295,قوووووووي,1.0
320,320,296,طلبات مارت كان التوصيل فيه الاول مجاني بعدين زاد مرة واحدة ! أرجو يرجع تاني مجاني او ع الاقل خدمة التوصيل تكون معقولة,0.0
321,321,297,مكه,1.0
322,322,298,تمام حلو جدا,1.0
323,323,299,البرنامج حلووووووووووو ندفي كل المطاعم,1.0
324,324,300,انا في منطقه عسير ما فيه إلى طلب واحد,0.0
325,325,301,طريق سيئ,-1.0
326,326,302,تحديث ننننن,-1.0
327,327,303,العراق عالسينة,-1.0
328,328,304,خدمة كويسه جدا جدا ♥️🌹😍,1.0
329,329,305,شركه محترمه جدا وباصات ممتازه,1.0
330,330,306,برنامج ممتاز وتوقيتهم روعه,1.0
331,331,307,تطبيق الصراحه ان مرتااااااح فيه,1.0
332,332,308,جميل جدا هذا البرنامج تطلب من شيء بس رسالة,1.0
333,333,309,حلو وفي اسرع وقت يوصلك الاكل الي تحبه بس فيه عيب ليش مكدونالدز مو معاهم اتمنى ان يعدلونه و شكرا انصحكم ف تنزيله,1.0
334,334,310,"شكرا"" لكم",1.0
335,335,311,منظمين ودقة في الوقت,1.0
336,336,312,ممتاز وسهل جدا,1.0
337,337,313,حلو زي وجههم,1.0
338,338,314,هذا برامج يجنن,1.0
339,339,315,"ممتاز بمعنى الكلمة,,",1.0
340,340,316,ممتاز برنامج جميل جدا,1.0
341,341,317,اطلب يتاخر من ساعة الي ساعة ونصف يكون الضيوف غادرو المنزل وبعد ياتون يجبو الطلب يقول والله ماعندنا صرف وياخذ اكثر من حقة المتفق عليه برنامج غير صادق لذا خذ الحاذار منه...؟,-1.0
342,342,318,إصدار التطبيق سيئ وغير مفيد,-1.0
343,343,319,جید,1.0
344,344,320,الطلبات تتأخر بس هم معذورين أكثر من 1مليون شخص يستخدمه,1.0
345,345,321,هل تفرض شركة طلبات عمولة مالية ف حالة تأخر الزبون ف اللقاء بالمندوب لإستلام طلبه؟,1.0
346,346,322,عدم التزام بلبس الاقنعة الواقيه,-1.0
347,347,323,حلو مشاءالله,1.0
348,348,324,لييييييش؟! كنت فرحان مره اخر شي ما يوصل صحم بس كله مسقط العاصمه💔 ترا حتى الي في صحم يريدو !,-1.0
349,349,325,دقيق في توصيل,1.0
350,350,326,تجربة أولى وكان التجاوب رائع,1.0
351,351,327,ولاعة,1.0
352,352,328,ةخفخي ب ع بس هلئ مرحباً مليون مره ثانيه أن شاء الله يومين بعد المغرب ان شاء اللة يبارك فيك يا ابو احمد الغالي مرحبا مليون مبروك بك في,1.0
353,353,329,بتوفيق,1.0
354,354,330,شركة فشله وزبالة ودليفرى ازبل من شركة ولا خدمة عملاء نافع ولا خدمة الشكوى نافع اعفن شركة اتعملت معاها,-1.0
355,355,331,قمت بمسح. البرنامج بسبب المغالاة في رسوم الالغاء حيث ان السيارة لا تنتظر اكثر من دقيقة العميل ويتم عمل رسوم 15 جنيه للالغاء اذا لم يحضر و هذا يعتبر مغالاة كبيرة يتكبدها العملاء لا توازي انتظار سياراتكم لدقيقة فبالكثير 5 جنيه الغاء وكمان كتير علي دقيقة اذا لم تعيدو النظر لن استخدم برنامجكم مرة اخري,-1.0
356,356,332,لو سمحت في امكانيه تاجير ميكروباص الي مصيف,1.0
357,357,333,كثير مفيد,1.0
358,358,334,جميل يستاهل مليون نجمه*,1.0
359,359,335,طيبب,1.0
360,360,336,جميييل جدااا,1.0
361,361,337,ليش مايحمل بسرعه اتمنى تحلون المشكله,0.0
362,362,338,سهل الاختيار 😁,1.0
363,363,339,اخرى موقع نصب واحتيال دفعت ٣اضعاف السعر الاصلي بحجة الموقة,-1.0
364,364,340,حنوش,1.0
365,365,341,تلقينا جميعا حظر بسبب انتهاك ولم نقم لاي فعل ..حتي في الاكونت الجديد لما.جينا نطلب جانا حظر بسبب انتهاك وهذه اول مرة ..ولا نستطيع اي منا الطلب من خلال طلبات,-1.0
366,366,342,تطبيق رائع 👍,1.0
367,367,343,ييييجنننن😭😭♥.,1.0
368,368,344,ممتاز احلى تطبيق,1.0
369,369,345,يستغرق اكثر من الوقت المحدد لتوصيل الطلبات... حتى ولو كان المطعم قريب جداً من العنوان,-1.0
370,370,346,ماغير اكل ومطاعم وحاطين صور اغراض سوق ايش الكذب ذا 😠😬,-1.0
371,371,347,اكثر من ممتاز,1.0
373,373,348,جميل😘😘😘انصح بتحميل,1.0
374,374,349,عنجد بتجننن,1.0
375,375,350,جميل لاكن يتاخر في توصيل الطلب للمطعم عشان يوصله لي,1.0
376,376,351,جيد اتشبعون الواحد,1.0
377,377,352,التطبيق للأسف اصبح سيء 💔 واسعارهم اعلى من اسعار المحلات مع زيادة الضريبة ورسوم الخدمة ع الفاتورة,-1.0
378,378,353,مرة طلبت طلب و تأخر علي ساعتين,-1.0
379,379,354,اعجبتني جدااااااا,1.0
380,380,355,البرنامج مش عايز يفتح على كل شويه عايز تحديث وخش على التحديثات ما فيش تحديثاتك,-1.0
381,381,356,ممتاز على الوقت,1.0
382,382,357,الخدمه جدا سريعه وسهله,1.0
383,383,358,تطبيق جميل جدا المشكله الوحيده بعض المطاعم مافيها صور,1.0
384,384,359,خرة بعد التحديث كل ما افتح التطبيق يقول البرنامج يعمل علي جهاز غير امن ويخرج لوحدة,-1.0
385,385,360,سيئة جدآ,-1.0
386,386,361,ععععع,1.0
387,387,362,ازبل تطبيق وازبل معامله نصيحه اخويه محدش يتعامل مع شركه سويڤل عشان نصابين واسعارهم غاليه ومعاملتهم زباله زباله😡😡😡,-1.0
388,388,363,تطبيق رائع لكن الأوزان مشكله لازم كيلو كمان عدم إرجاع الفلوس في حاله إلغاء الطلب مش كويسه والأهم فين الهدايا,1.0
389,389,364,"يييييييببعننيي حشا النعمه بس توصيلل وع اطلب ساعه10 يوصلني الساعه 11 ششنو في 
يبابا",-1.0
390,390,365,طابات مش موجوده في سمالوط منطقه شارع ابو زهران,-1.0
391,391,366,احسن تطبيق في الدنيا واكتر ناس محترمين شكرا جدا جدا علي احترام شركه طلبات اكتر خدمه عملاء بصراحه محترمه جدا جدا جدا عن باقي الشركات شكرا جدا طلبات,1.0
392,392,367,�� good,
393,393,368,غير صادقين,-1.0
394,394,369,الله يلعنكم ويلعن مايحط اعلانات اجبارية.....مقرف مثل اكلكم العفن,-1.0
395,395,370,ليش مافيه وادي الدوسر,-1.0
396,396,371,حسن,-1.0
398,398,372,كان لازم تقولو اننا لازم نروح الفرع قبل ما نحمل البرنامج انتم ع كول فشلة كده,-1.0
399,399,373,جميل جدا وسهل,1.0
401,401,374,يجماعه اقسم بالله العظيم انو هاي شركه نصابه وحرميه وكذابين وما بخافو الله عندي حساب لسا جديد حطيت فيه ٥٠ دينار وصيت طلب لتغا بعدين عملولي حظر ع الحساب وهو في ٥٠ دينار دير بالكو والله نصابين,-1.0
402,402,375,موب حلو ما يوصل أم قرن وله مطعم شنو ذي آخر مرة انزله,-1.0
403,403,376,مثالي,1.0
404,404,377,هو أفضل تطبيق للطلبات في مصر خدمة عملاء محترمة ومحترفة رسالة شكر لطلبات وموظفينها الكرام.. لم أجد غير الصدق واحترام العميل . شكرا لكم من القلب.,1.0
405,405,378,تطبيق خايس ماانصح بتحميله,-1.0
406,406,379,طلبت طلبيتين وتم خصم المبالغ بدون وصول الطلبيات.. تواصلت معكم وتم الاعتذار عن حدوث مشكلة في البرنامج وقيل لي ان المبالغ ستصل بعد ١٠ ايام. مر ١٣ يوم ولم ترجع المبالغ كررت التواصل معكم وتم ابلاغي انه سيتم اعادة المبالغ بعد نصف ساعة، ومرت الساعات والايام ولم ترجع المبالغ الى الان. سيتم حذف البرنامج وابلاغ الجميع بحذفه لنصبه واحتياله,-1.0
407,407,380,بالتوفيق وانشالله للامام,1.0
408,408,381,جميل مررر,1.0
409,409,382,لا استطيع الاستغناء عن ابلكيشن طلبات👌ممتاز,1.0
410,410,383,الطلبيات لم تصل لي علما بأن تم خصم المبلغ من الحساب الخاص بي دجاج كنتاجي للاسف الشديد,-1.0
411,411,384,لا انصح باستخدام التطبيق كل يوم في تأخير بموعد الرحلة احيانا ربع ساعة واحيانا بتصل ساعة وخدمة العملاء اغبى منهم مستحيل تلاقي ما بفيدوك ب أشي ..عند التواصل معهم بكون الرد انه سيتم تواصل مع القسم المختص بكون الرد علي بعد ربع ساعة اليوم حجزت برحلة 8.30 طلعت عل 9.10 تطبيق فاشل,1.0
412,412,385,العدامه,1.0
413,413,386,الفكرة حلوة جدااااا بس السعر مبالغ فيه اوى هشيل التطبيق لحد متظبطوا الاسعار,-1.0
414,414,387,عجيببب,1.0
415,415,388,جودة ممتازة لكن ناقصة خدمة عملاء جيدة,1.0
416,416,389,ممتاز خدمة رائعة,1.0
417,417,390,كانت تجربه زباله,-1.0
418,418,391,يتأخر اشوي,1.0
419,419,392,البرنامج جميل ... وهناك تواصل من طلبات في حال المطعم تأخر في الطلبيه,1.0
420,420,393,وايد تحسن الموقع وبإنتظار العروض الافضل,1.0
421,421,394,للأسف من ساعة ما نزلته وبفتحه ومكتوب جاري إرسال رمز الفتح ولم يبعت شئ شكله كلام فاضي,1.0
422,422,395,رائعه,1.0
429,429,396,ممكن اعرف اخد كوبون خصم ازاي,1.0
430,430,397,Khara,-1.0
431,431,398,ليش كل المطاعم مغلقه,1.0
432,432,399,إزاي أحول لمحفظه تانية لشركة تانيه ( كنتم قائلين أنها موجود في المميزات بتاعتكم ولحد دلوقتي مش عارف ) ياريت الرد يكون بالعربية,0.0
433,433,400,ممتاز اعتمد عليه 👍,1.0
434,434,401,رائع جداااااااااااااااااا ❤❤,1.0
435,435,402,الصراحه تطبيق جدا رائع ماشاء الله و يوفر لك خيارات كثيره في الطلب,1.0
436,436,403,مقرفين,-1.0
437,437,404,Perfect Service !,1.0
439,439,405,محملاه من سنه ومجاليش اي خصم ممكن افهم في اي بالظبط,-1.0
440,440,406,انصحكم تحملونه,1.0
441,441,407,المفروض ا ايحددون موقعك مليت وانا اوصف,1.0
442,442,408,خدمة سيئة والشركة لا تهتم بالطيارين وتعاملهم بشكل غير ادمي شركة المينيوز افضل منها ومرسول وچوميا,-1.0
443,443,409,جمييل جداا وراااائع,1.0
444,444,410,بجربه,0.0
445,445,411,هوو حلوو ماقلناشيي بس المشكلهه الكبرى ان مالقيت المكان الي انا ساكنه فيهه,0.0
446,446,412,كثرة تسليم الوجبات ناقصة مع التبيه لهم اكثر من مرة و التأخير في تسليم بعض المنتجات احيانا وارتفع اسعار بعض المنتجات عن السوق و عدم موازنة مسافات التوصيل مع سعر التوصيل وعدم الاهتمام بالزبون ومحاولة سرقته بشتى الطرق,-1.0
447,447,413,دايمن يتاخر الاكل بارد,-1.0
448,448,414,الصراحة روعة و اسهل,1.0
449,449,415,قمه الروعه والجمال ربنا يحفظكم ويبارك فيكم جميعا يارب العالمين,1.0
450,450,416,تم خصم مبلغ من حسابي بالخطاء حيث دفعت مبلغ كاش للمندوب وقدمت شكوى ولم يتم إرجاع مبلغ هذي اخر مره اطلب من هذا تطبيق وسوف احذف برنامج,-1.0
451,451,417,التطبيق مش بيفتح بقي زباله,-1.0
452,452,418,حملته وماستفدت منه شي اروح اشتري بنفسي احسن واسرع,-1.0
453,453,419,تطبيق مبتكر,0.0
454,454,420,تطبيق سي للغاية والسائقين غير مؤهلين لتعمل باسلوب رقي تطبيق سي والسائقين غير منضبتين لا انصح به,-1.0
455,455,421,الله التطبيق يجنن ماشاء الله,1.0
456,456,422,واوا,1.0
457,457,423,بايخ والله,-1.0
458,458,424,يوجد مشكله في التحديث الجديد وهي عدم التسبيت علي الهاتف نرجو الافاده,1.0
459,459,425,انصحكم لذيذ,1.0
460,460,426,نجمة وكثير عليكم اصلا برنامج فاشل والقائمين عليه افشل,-1.0
461,461,427,مره حلوه انصحكم تنزلون ☺❤,1.0
462,462,428,غير لايق,1.0
463,463,429,التطبيق زى الزفت حملته ٣ مرات و مابيفتحش ، و المشكله دى عند الكل ، طيب هنستخدمه ازاى ؟!!!,-1.0
464,464,430,تحديثات البرنامج بطيء و في أغلب الأحيان لا يمكن الطلب,0.0
465,465,431,شركة في منتهي الفشل وإدارة أفشل وسواقين اوسخ واوسخ,-1.0
466,466,432,طظ,1.0
467,467,433,خدمة أكثر من ممتازة,1.0
468,468,434,خدمة ممتازة 👍,1.0
469,469,435,ليش الاكل يوصلني بارد,-1.0
470,470,436,افضل تطبيق طلبات سرعه ودقه بالوقت,1.0
471,471,437,ياليت يتم توفير خدمة التوصيل من السوبر ماركت,-1.0
472,472,438,تطبيق وسخ وزبالة واصبح الكباتن فيه مجموعة من النصابين يتاخروا عن الميعاد ويتم تضليل المشترك باعطاءه بيانات لوحات خطا لااتوبيس ويكون رقم اللوحة شيئ تاني فيظهر على الجي بي اس مركبة مختلفة وكباتن منتهى السفالة لا بيرد ولا بيرشد ويتعمد الجري عند الوصول عندك عشان يضيع ه الرحلة ويخسرك ثمنها ويقبض هو ويعمل دور واثنين بسرعة بتفويت رحلات الناس وانتم فشلتم وحذفت التطبيق وللاسف معظم تطبيقات الركوب جماغي وخاص عدا اوبر واندرايفر نصب في نصب ومحاولة لحمع المال بتجميع اكبر عدد مشتركين دون خدمات وابشركم بالاغلاق,-1.0
473,473,439,ممكن تعملوا اخر رحله الساعه٦ ونص مساءاً,1.0
474,474,440,ممتاز جدآ ❤️ 😍 😘,1.0
475,475,441,بقالى ساعة كاتب رقم موبيلى عشان تجيلى رسالة بالكود,-1.0
476,476,442,هايل,1.0
480,480,443,اقوي موقععع بالتاريخ,1.0
481,481,444,برنامج مريح وسهل,1.0
482,482,445,لا لا لا,-1.0
483,483,446,الصوت والمكالمات كل شيء واضح وجميل جدا جدا,1.0
484,484,447,ضراب الكباتن,-1.0
485,485,448,تطبيق ممتاز  وسهل,1.0
486,486,449,"رحلة مريحه وتعامل راقي والباص مكيف والأمور جيدة شكرآ Swvl
",1.0
487,487,450,هو التطبيق متاح لعملاء اتصالات,-1.0
488,488,451,سائقين نصابين,-1.0
489,489,452,شكرا لكم على الخدمة و الاحترام والتقدير لكم,1.0
490,490,453,نصابين فشخ ولا ليكم لزمة في الحياة اي نصب وخداع ليه بس كده اوردر تكا ب 30 لما وصل قالوا 55 حسبي الله ونعم الوكيل,-1.0
491,491,454,مش المفرود اول اوردار بيكون عليه خصم ده لي محصلش معياا😑,0.0
492,492,455,جميلة جدااا,1.0
494,494,456,ممتاز بس ماعندي فلوس😂,0.0
495,495,457,هاى اول مره اطلب,1.0
496,496,458,احسن برنامج طلب طعام كلشي عندهم تمااامم انصحكم فيه.,1.0
497,497,459,من اسوء التطبيقات,-1.0
498,498,460,هذا البرنامج واجد حلو بس في مشكلة كل مرة اطلب طلبي يتاخر ما يوصل بسرعة ارجو حل المشكلة,1.0
499,499,461,السهوله في الدفع والسرعه في الوصول خيال مو طبيعي شكرا إلي القائمين على البرنامج الرائع,1.0
500,500,462,موفقين داىما,1.0
501,501,463,التطبيق اكثر من رائع 👍,1.0
502,502,464,افشل من هيك برنامج مانزلت، برنامج فاشل وغبي,-1.0
503,503,465,خايسسسسي,-1.0
504,504,466,سهل الوصول,1.0
505,505,467,ممتازه 👏,1.0
506,506,468,مش راضي يديني ال50جنيهزي ما في الاعلان ولا كان جر رجل فقط انا عارف انتوا تطبيق محترم مش عاوز يجيلي ليه,1.0
507,507,469,روعة روعة روعة روعة روعة روعة روعة روعة يستاهل مليون نجمة,1.0
508,508,470,عجيب ريحته,-1.0
509,509,471,مريييييح,1.0
510,510,472,حلو وتوصيل ابسرعا😍,1.0
511,511,473,للاسف الطلبات بتتاخر جدا علي غير العاده بقالها كذا مره و الابلكيشن يكتب تم التوصيل ويوصل بعد ساعه او اكتر اذا وصل,-1.0
512,512,474,اطلق مطعم,1.0
513,513,475,روعة والله,1.0
514,514,476,جميل لكن التوصيل متاخر,0.0
515,515,477,ما شاء الله,1.0
518,518,478,نظافه وسريع بالتوصيل ولبرياني شي عجيب,1.0
519,519,479,كويس مرههه,1.0
520,520,480,جميل جدا جدا جدا جدا ويتأهل 5 نجمات,1.0
521,521,481,يساعدني كثيرا,1.0
522,522,482,التطبيق جيد ولكن يوجد فرق بالسعر كبير، ايضا خصم ال 50 % أصبح لا يخصم الا 3 دنانير فقط وليس 50!,-1.0
523,523,483,مش حلو ادا لان وطلبت وجبة شورمة قال التوصيل ليرتين ونص كلاب والله ما تنزلو,-1.0
524,524,484,تحت التجربه لسى نشوف,1.0
525,525,485,شكرا لتوصيلكم السريع,1.0
526,526,486,زفتتت الوحد بدو يوكل يدفع كول مصاري احسن المطعم شورما على ريف خلو توصيل ببلاش .,-1.0
527,527,487,والله أنصحكم أن تحملو لان تطبيق حلو نزلو,1.0
528,528,488,رائع في تسليم الاكل ويكون الاكل سليم وسريع التوصيل 👍👍👍👍👍,1.0
529,529,489,ممتاز,1.0
545,545,490,لا يوصف جدً جميل خفيف دقيق ومثالي 👌✨,1.0
546,546,491,ابتعدي جدو تتحدى تيك توك مسح بالحق احمد عقد,-1.0
547,547,492,لا يستحق نجمه واحده فلا يمكن تصوير التحويل ولا يمكن التحويل بدون انترنت ومشاكل كثير,-1.0
548,548,493,حلو ورائع لاكن يطول الطلب,1.0
549,549,494,نصاب تطبيق هاذا سبب قمت بشراء منسف وصل بايت ومحجر رز يابس لا انصح به,-1.0
550,550,495,"واضح أنه في مشاكل كتير مع اني بفهم انجليزى وفاهم اللي مكتوب كويس بس مش عارف 
اتعامل مع البرنامج",-1.0
551,551,496,كويس للغايه,1.0
552,552,497,تطبيق جميل ورائع يعني الطلب بيوصل بسرعه ب الاسعار غاليه,1.0
553,553,498,مممممممتازززززز,1.0
554,554,499,احلا برنامج 😘,1.0
555,555,500,طلبت,-1.0
556,556,501,نقعد نوصف لواحد لوح لما تنسد نفسنا حطو ناس يفهمو بلشوارع حاطه البلد بلمنطقة ويقولي انا في شرفيه جدا سيء البرنامج ليه ماتحطو ميزة تحديد الموقع بلخريطه تفكو نفسكم وتفكونا من البنقال الغشم هذولي,-1.0
557,557,502,وحش وحش وحش وحش,-1.0
558,558,503,تطبيق مميز وجميل .. أفادني كثيرا واختصر لي الوقت حيث يسهل على المستخدم بالإضافة إلى أنه يضم الكثير من المطاعم المفضلة لدي .. تطبيق يستحق الإنتشار,1.0
559,559,504,دقه في التعامل,1.0
560,560,505,واااااوووو,1.0
561,561,506,رائع مره,1.0
562,562,507,اخلي برانمج,1.0
563,563,508,ماعندهم اغلب المطاعم للاسف,-1.0
564,564,509,يحتاج لتعديلات,-1.0
565,565,510,ما عم يفتح عندي التطبيق يا ريت يكون فيه حل للمشكلة,-1.0
566,566,511,تطبيق اكثر من رائع سهل علينا شراء حوائجنا بكل سهولة و يسر و من دون انتظار وفي اي وقت اتمنى لكم النجاح,1.0
567,567,512,زي زفت,-1.0
568,568,513,تطبيق جدا ممتاز وعروضه الافضل دائما ويسعى للافضل,1.0
569,569,514,برنامج أكثر من رائع يسهل عليك المشاوير 👌,1.0
570,570,515,اهنيكككككك علي برنامج ولله حلو لكن يتأخر أيذ جا يوصل,1.0
571,571,516,ياريت يكون عربى انا مش عارف اتعامل معاه,-1.0
572,572,517,ماشاء لله فكره حلوه,1.0
573,573,518,ممتاز يرجي تغطيه كل الاماكن,1.0
574,574,519,ممتازه,1.0
585,585,520,انه برنامج جميل جدا يستحق متابعه,1.0
586,586,521,التطبيق مش عايز يفتح,-1.0
587,587,522,تجربة جيده إلى الان نتمنى لكم المزيد من التقدم ...,1.0
588,588,523,طلبت كان ماكول وآلله,-1.0
589,589,524,جميل جداااا انصح بتحميله,1.0
590,590,525,يستحق مليون نجمه,1.0
591,591,526,جيد ومفيد,1.0
593,593,527,زفت,-1.0
597,597,528,بيروت-الرياض برنامج كتييير حلو في الرياض,1.0
598,598,529,مابفتح كل مابدي اطلب اشي مابفتح بس تحديث بتحدث وخلص صراحه ندمت,-1.0
599,599,530,كيف أكون كبتن معكم,-1.0
600,600,531,تجربة سيئة تأخير جدا اكتر من ساعه و٢٠ دقيقة . والطلب بارد وناقص اضطريت انتظر تانى السائق يعود للمطعم ويحضر باقى الاكل والاسؤ من كل دة ردود الموظفين كل واحد يقولك معرفش تحب تكنسل .,-1.0
601,601,532,اسىداسىدمحمدعمرر,1.0
602,602,533,رائع جداً جداً 😍,1.0
603,603,534,سييء جدا وقد تم حذف الابليكيشن,-1.0
604,604,535,لانهم خلوني احمل البرنامج غصبا عنييي 😡,-1.0
605,605,536,نظام سيء جداً تأخير في توصيل الطعام وتأخير في كل شيء ويوصل الأكل باااارد,-1.0
606,606,537,ما,1.0
608,608,538,ممتاز لكن يتاخر بالطلب,1.0
609,609,539,البنامج صدق و فادني ولكن انه فيه مطاعم في المنطقة اللي انا فيها توصل و لا طلعت في البرنامج فا اتمنا انكم تعدلون هذا الشيء .... و شكراً,1.0
610,610,540,سي جداا,-1.0
611,611,541,Very good for lazy,1.0
612,612,542,تطبيق مفيد وناجح تشكرون على الجهود,1.0
613,613,543,تحت التجربة ياريت تدعيم اللغة العربية,1.0
614,614,544,ممممتاااز,1.0
615,615,545,انهو راااااااااائعة,1.0
616,616,546,احسن تطبيق💓,1.0
617,617,547,تطبيق فوق الممتاز يستحق التحميل رائع,1.0
618,618,548,كانت هناك مشكلة و تم حلها شكرا لتعاونكم,1.0
619,619,549,راااااااائع ومريح,1.0
620,620,550,سيئ للغاية تطبيق من جديد فاشل,-1.0
621,621,551,هل يوجد رحلات للعريش,1.0
622,622,552,وممتاز,1.0
624,624,553,أنصح كل واحد ينزله من وجهة نظري,1.0
625,625,554,أروع على أطلق,1.0
626,626,555,٠١١١٢٤٥٥٧٨٣,
627,627,556,جداً جمميلل التطبيق💛✔🔝,1.0
628,628,557,ده برنامج رائع جداً,1.0
629,629,558,البرنامج جدا ممتاز,1.0
630,630,559,افظل موقع وخدمه ممتازه من متابعه وجودة الأكل وشكاوي الزبائن ويضم أغلب مطاعم الكويت ،،،،، شكراااااا لكم,1.0
631,631,560,افضل تطبيق لطلب الأكل روعه😍🖒,1.0
632,632,561,تأخير طلبات يعد مشكلة العصر هذا يجب عليكم حلها حتى لو اضررتم توفير سائقين من عندكم,0.0
633,633,562,الموقع صعب يحدد موقعي,-1.0
634,634,563,ارجوا راجاءا خاص اضاافة مدينة نجران,1.0
635,635,564,تطبيق اجمل منه انا مافي كافي,1.0
636,636,565,اجمل موقه على الاطلاق لقد اعجبني ذالك,1.0
637,637,566,لم أثبت التطبيق واحصل على ازعاج من كثرة الدعاية للتطبيق سواءآ عند اتصالى بالهاتف او عند عدم الأتصال..,-1.0
638,638,567,التطبيق لا يفتح يعطي خلفيه بيضاء بعد التحديث 1/9,1.0
639,639,568,لسا منزل التطبيق وبطلب وبدخل الكبون بتاع الخصم وبيقولي هاذا الكود عند الطلب اول مرة فقط ولله لسا منزل البرنامج دلوقتي بس انا فهمت سياسة البرنامج ايا حد هيدخل الكود يلي هما حاطينو كان بقا اول اورد ولا عاشر اوردر يقولولة ده مش اول طلب شركة حرامية وكذابين لو مش قد العرض متنزلوش بيشتغلو الناس,-1.0
640,640,569,لسه,1.0
643,643,570,ليه مفيش خط يدخل شارع مصر والسودان لجامعه القاهره لازم امشى ٣ محطات لكوبرى القبه عشان اركب للجامعه والعكس ياريت يبقى فى خطوط من حدائق القبة للجامعه والعكس,-1.0
644,644,571,تطبيق سيئ يسرق الفلوس ويلغي الطلب من نفسه,-1.0
645,645,572,ممتاز جدا انصحكم تجربو,1.0
646,646,573,عروضه بسيطة ومش بتتفعل,-1.0
647,647,574,كانت جيدة,1.0
648,648,575,أنهو جيد جدا,1.0
649,649,576,اجاني قسيمة خصم ب5. 5 دينار ولما اطلب بدهم كود القسيمه وما في كود شو الحل يومين وبتخلص عرض القسيمه,-1.0
650,650,577,مافي احسن منه بس لو تكون كل الاطباق لها صور لان بعض المطاعم الاطباق تكون بدون صور,1.0
651,651,578,بصراحه هذا البرنامج لا يعلا عليه للامانه,1.0
652,652,579,واو !!!!!!!!!!!!!!!!!!!!!!!!!!!!!!!!!!!!!!!!!!!!!!!!!!!!!!!!!!!!!!!!!!!!!١!!!!!!!!!!!!!!!!!!!!!!!!!!,1.0
653,653,580,محمل  البرنامج ومدري ايش واخرتها يدق علي إندونيسي,-1.0
654,654,581,ماحلو ولايستاهل مافي العراق صراحتا ولانجمة يستاهل بس عمود اتعليق,-1.0
655,655,582,تمام، ذق,1.0
656,656,583,روعه روعه روعة جميل جدا واو شكرا ع هذ التطبيق 🍲🍛👌,1.0
657,657,584,برنامج مفيد.,1.0
658,658,585,شغل حكومة و تأخير,0.0
659,659,586,هااايل,1.0
660,660,587,خمسون نجمه,1.0
661,661,588,ضيفوا الطعام المفضل سيكون التطبيق روعة,1.0
662,662,589,جيد الي حد ما,1.0
663,663,590,سيء جدا جدا,-1.0
666,666,591,برنامج فاشل ايش انتظر 60 دقيقه ولا 75 دقيقه خير يذبحنا الجوع وما جا الطلب لو اروح رجليه ابرك,-1.0
667,667,592,لاكن التحديث الجديد مو قد كذا,1.0
668,668,593,لا ااحتاجه,1.0
669,669,594,تطبيق فاشل جدا 😠😠😠😡😡😡,-1.0
670,670,595,ممتاز للغاية,1.0
671,671,596,ياريت يكون التوصيل اسرع من كذا,1.0
672,672,597,تحسين فترة التوصيل من 2 ساعة على 30 دقيقة على الاكثر,0.0
673,673,598,صراحه تطبيق سهل ووفر علينا عناء الذهاب للمطاعم نتمنى لكم التوفيق,1.0
674,674,599,تطبيق رووووووعه وماابالغ بس فيه مشكلتين الاولى هي الاكل يوصل بارد الثانيه يتأخر في التوصيل,0.0
675,675,600,تطبيق جيد.,1.0
676,676,601,واجد حلو والتوصيل بسرعه,1.0
677,677,602,قللوا قيمة التوصيل بلييز,1.0
678,678,603,جميلة  الخدمة وسياسة,1.0
679,679,604,لو سمحت بحاول أسترجع الباسورد و كتبت الميل علشان يجيلي رسالة إعادة الباسورد مابيجليش حاجة,1.0
680,680,605,لااعرف,1.0
681,681,606,روعه روعه,1.0
682,682,607,روعههههههه ممتاز,1.0
683,683,608,كل ما أسجل يقولي خاص ب كروت بنك مصر فقط وأنا البنك الاهلي,0.0
684,684,609,عروض مميزة,1.0
685,685,610,قولتولي في باقة مجاني لما احمل التطبيق مفيش حاجة يعني جات ممكن اعرف لية ؟ٕ!,-1.0
686,686,611,جميل اوي,1.0
689,689,612,مزيد من التقدم,1.0
690,690,613,رائع جدااا👍🏻❤,1.0
691,691,614,حضراتكم رفعتم تسعير رحلة الساعه ٧.٣٠ صباحا ف محافظة الاسكندرية محطة شارع خيرالله الى محطة سوميد من ١٧ جنية الي ٢٣ جنيه عشان شغلتو التكييف بس ف حين ان قبل ازمة كرونا كان التكييف شغال وب ١٧ جنيه بس ازاى؟؟ برجاء النظر الى التسعير لانه غير مرضي,-1.0
692,692,615,البرنامج ضعيف ومش راضي يشتغل,-1.0
693,693,616,عدلو تاخير الطلبات,-1.0
694,694,617,Η ιδέα να ηξ,-1.0
695,695,618,ayah lololol♡♡,1.0
696,696,619,ممتاز وسريع وجيد شكرا,1.0
697,697,620,ممتاز ونظيف وطازج,1.0
698,698,621,رائعه وسهله,1.0
699,699,622,مواعيد مظبوطه وكاباتن محترمين,1.0
700,700,623,انه جميل جدا ورائع جدا جدا جدا جدا جدا جدا جدا جدا جدا جدا جدا جدا جدا جدا جدا جدا جدا جدا جدا جدا جدا جدا جدا 😂 وانا اسف علي الكذب لانه زباله شكرا لتعاونكم معانا😉,1.0
701,701,624,عدم الدقة في توقيت توصيل الطلب,0.0
702,702,625,لا يعمل التطبيق,-1.0
703,703,626,رائع و مفيد,1.0
704,704,627,المفروض يحطون تتبع سائق ع شان نعرف نشوفه وصل او لا مثل هنقرستيشن يحطون اما هذا مايحطون تتبع سائق كيف نعرف اذا جاء او باقي لازم تطورو تطبيق,-1.0
705,705,628,احسن تطبيق💜,1.0
706,706,629,سيء جدا,-1.0
710,710,630,التطبيق جدا جميل والخدمات رائعه💚💚,1.0
711,711,631,اطلب طعام,-1.0
712,712,632,ممتاز تطبيق,1.0
713,713,633,ممتااز,1.0
714,714,634,حلو وهلوفود حلو كمان,1.0
715,715,635,راع جدا,1.0
716,716,636,تصنيف,1.0
717,717,637,تطبيق ع الجوال رئع ﻻكن يوجد مطاعم ﻻ تستحق ان تكون في قائمة طلبات ارجو ازالتها وشكراً,1.0
718,718,638,بصراحة مشروعاتكم روعة سوا مدينتى ولا الرحاب ولا الربوة وسيليا كمان هاتبقى تحفة,1.0
719,719,639,مرحبا بكم في موقع مجاني زواج منتدى البرامج الكاملة والنادرة والجديده جداً مشاهدة,1.0
720,720,640,تطبيق ممتاز وسهل في الاستخدام,1.0
721,721,641,تجربة سيئة .. ما بوخذو بالتقييم وما في تنسيق بين التطبيق والمطاعم او الشركات الي بتتعامل معه والأخطاء بتتكرر ودائما العميل بتحملها .. بتكون طالب اشي وبوصلك اشي ثاني ولما تراجعهم بدخلوك بدوامة الكول سنتر برميك على المطعم والمطعم برميك على التطبيق وبالنهاية بتقرف وما بتوصل لنتيجة,-1.0
722,722,642,رائع جداً انصح الجميل اينزلوه انه برنامج جميل,1.0
723,723,643,ممتازين بصراحه,1.0
724,724,644,تطبيق رائع صراحه ابددداع,1.0
725,725,645,التطبيق رائع جدا لانه لا يتأخر و الطعام ساخن و ليس بارد,1.0
726,726,646,الاحسن الغابون,1.0
727,727,647,عجيب مرا انصحم انكم اتنزلونه والله عجيب انا طلبت وصل بسرعه والله عجبنيالبرنامج 😙😙😘😘😚😚😍😍,1.0
728,728,648,توفير وقت وجهد بشكل رائع,1.0
729,729,649,ارجو اضافه مدينة حائل من دولة السعوديه,0.0
730,730,650,بيحن,1.0
731,731,651,رؤؤؤؤؤعه,1.0
732,732,652,زبالة وكلكموحرامية ومخانيث اي شركة تفتح فروع في مصر اذا هيا فاشلة الشركة ممتازة فالمملكة والامارات فمصر حرامية ونصابين وكذابين ومخانيث وتنسحب الفلوس ولا ترجع ولا تنحل اي مشاكل اتفوووووو zero,-1.0
733,733,653,شكرا علي ردك.,1.0
734,734,654,موم تاز,1.0
735,735,655,جيد . ،,1.0
736,736,656,لا يوجد,1.0
738,738,657,لا يتحدث,-1.0
739,739,658,انها رائع جدا,1.0
740,740,659,اول تجربة لية,1.0
741,741,660,يوصل بسرعه واذا ماعندك رصيد تقدر تطلب من طلبات دوت كوم رائع وسهل جداً انصح للكل بتحميله وشكراً لكم . 👌,1.0
742,742,661,تطبيق سئ جدأ بيجيب الطلبات ناقصه وخدمه عملاء منتهي قله الادب و السفاله,-1.0
743,743,662,اكثر من رائع يستاهل خمسه نجوم تفوق على كثير برامج,1.0
744,744,663,انا بنصح اي حد ميستخدمش التطبيق دا خدمه قذره بتمنعو ان الشخص يتواصل مع السواق وفي نفس الوقت عادي جدا بعد مالواحد يكون وصل مكان اللقاء الرحله تتلغي دا اسمو ايه بقا,-1.0
745,745,664,مميز جداً,1.0
746,746,665,شركة ممتازة,1.0
747,747,666,نصابين رجعو لي فلوسي,1.0
748,748,667,سيييييييء جدا، شركة ما بتخاف الله بدهم يقطعوا رزقة الكبااتن. #مقااااااااااااطعة وإلغاء التطبيق وحذفه,-1.0
749,749,668,كثير ضعيف,-1.0
750,750,669,جميل جدا يهبل,1.0
751,751,670,العربيات كلها حديثة ونضيفة ومعظم الكابتن ناس راقية ومحترمة الأسعار بس كل شوية تغلى بدون سبب واضح للاسف,1.0
752,752,671,ممتاز جدا  رائع,1.0
753,753,672,فين ال٧٥ مفيش. خصم,-1.0
754,754,673,تطبيق حلو لاكن نرجو إيصال الطلبات بسرعه وشكرا,1.0
755,755,674,ياريت العربي مش معقول تعملو حاجه في مصر وتنسو العربي,1.0
756,756,675,يعيب عليه عدم رد خدمة العملاء مباشره ياخذون وقت في الرد ويكون الزبون في حاجة سريعة للتواصل معهم,0.0
757,757,676,خدمة ممتازة و مواعيد مظبوطة,1.0
758,758,677,جممييل جدا ،، ولو تزيدون وتشملون المطاعم يصير 100 نجمه,1.0
759,759,678,تطبيق معفن و سارقين و حرامية!!!! 💔,-1.0
760,760,679,انا المماثل محمد رمضان قال لي الصوره وصلت قبل ساعتين لا لا لا عادي بس ياريت او حد متضايق من اول السنة دي صيدلية المنتدي. العاب جميلة و رائعة من العام الماضي حضرت على محمد وسلم وصباح الخيرات في البيت يا ساده بطرف معطفي الأبيض وقالت مع السلامة يا ساده الاسير مسلسل الحب المستحيل الحلقة خلصت الخيالات على اهلك بالخير و على اهل بالكويت بالمدينة ، أو حالات معينة اعتصام اللاجئين السودانيين اعتقال التعذيب في مصر و ذ فخ التعادل عهد السلام نشيد يا من العام الماضي حضرت حفل لنانسي على محمد وسلم وصباح الخيرات,1.0
761,761,680,التطبيق فعلا لايعمل توجد مشكلة,1.0
762,762,681,ماهو زين,-1.0
763,763,682,حلى,1.0
764,764,683,تطبيق سيء ، اذا ما رجعتو التعرفة السابقة لاجرة التوصيل للسائقين في الاردن ما رح نستخدم التطبيق ، عائلتنا كلها مقاطعة تطبيق طلبات حتى انصاف سائقين طلبات في الاردن وارجاع اجرة التوصيل السابقة 👍,-1.0
765,765,684,المواعيد مظبوطة جدا,1.0
766,766,685,سريع وعملي بطلب,-1.0
767,767,686,روعه روعه روعه رائع لكل من يحب الطعام والكرشه الفاضيه,1.0
768,768,687,الضريية عالية جدا جدا جدا تطبيق سيئ,-1.0
769,769,688,"رايي الطلب ولا مره وصلني فرش كله بارد والحين انا طالبه منه بشوف يوصل فرش 
ولا بارد بعد اذا بارد راح اشيله من القائمه بكبرها ولا افكر بعد اطلب منه",1.0
770,770,689,لو استخدمت الكود ده انا و انت هيجيلنا ٢٠ جنيه في المحفظة! جرب سويڤل دلوقتي karimhpszkji,1.0
771,771,690,أكثر من رائععععععععع٦😉😉😉😉,1.0
772,772,691,رررررررررررووووووووووععععععععععععههههههه,1.0
773,773,692,افضل برنامج لطلب الطعام يأتي بسرعه و الطعالم راائعع ☺💛.,1.0
774,774,693,غير مفيد بالمره,-1.0
775,775,694,طلبت الاكل مااجا اش هادا😒😒,-1.0
776,776,695,روعه 💪,1.0
777,777,696,الطلب ليسا كامل الخدمة سيئة,-1.0
778,778,697,٨ ،ب٤ تاىرف ءث بلبءء,1.0
779,779,698,البرنامج أجمل من ما توقعت,1.0
780,780,699,يحتاج تحديث نطاق التوصيل لأن في مناطق حيويه كتيره جدا خارج نطاق التوصيل و بتاع الدليفري مبيدخلش الشارع غير لما اقوله هديلك بقشيش,-1.0
781,781,700,رووووووعة أحبكم على برنامجكم,1.0
782,782,701,سيء للغاية,-1.0
784,784,702,جدا جدا جدا جدا جدا جدا جدا جدا جدا جدا جدا جدا جدا جدا جدا جدا جدا جدا جدا مو كويس كويس,-1.0
785,785,703,مره حلو   عجبني ويوصل اطلب في وقته ميتاخر,1.0
786,786,704,ولاحلو,0.0
787,787,705,Kk,1.0
788,788,706,لا يوجد تنوع في الخيارات في المدينة المنورة مطاعم محدودة فقط,-1.0
789,789,707,أحلى ططبيق 😊😊,1.0
790,790,708,خدمة ممتازة نتمنى ان تكون على هذا المستوى دائما,1.0
791,791,709,الطلب يجي بعد طلوع العين ويالت يجي كامل الى ناقص وبارد,-1.0
792,792,710,اول تجربه ليا وكانت راااااائعه بجد,1.0
793,793,711,جميله بس نرخص الأسعار شويه ونقرب المسافات في الأماكن,1.0
794,794,712,ماشاء الله سرعة تنفيذ الطلب,1.0
795,795,713,وايد مفيد التطبيق يغنينه عن الاتصال ويسهل علينه اختيار المطعم والطلبات جزاكم الله خير,1.0
796,796,714,لوعتونا,-1.0
797,797,715,الاكل يوصل بارد ويتأخر واجد,-1.0
798,798,716,للاسف من الأفضل للأسوء تم توصيل طلب بعد ساعتين من وقت الطلب وبعد التواصل مرتين مع خدمة العملاء,-1.0
799,799,717,Program Is good 👍,1.0
800,800,718,لماذ لاتوجد رحلات الساعه ٧ ونصف والرحلات معظمها بعد الظهر,1.0
801,801,719,منيح بس حطيت ٣ نجوم لانه بضل يحول انجليزي حلولنا هالمشكلة هشان احط ٥ نجوم,0.0
802,802,720,سيىء جدااا,-1.0
803,803,721,حلو جدااااااااااأاااا,1.0
804,804,722,محتاج تطوير انى اقدر احدد مكان ركوبى او نزولى على خط سير الرحلة,1.0
805,805,723,ممتاز ورائع جدا,1.0
806,806,724,"مش التطبيق المفروض للمصريين طيب ليه اللغة الإنجليزية انا نزلته ومسحته لأني 
كده مش هستفاد منه",-1.0
807,807,725,ليش ما يوجد تحديد الموقع من الخريطة,0.0
808,808,726,اشعر بالاحباط,-1.0
809,809,727,تطبيق مرهه يجنن انصحكم فيه 🙂💕.,1.0
810,810,728,كس امه اللي سوا البرانامج تحصل امه ممحونه بزب انيك والديه البرنااامج فاشل زي وجهه الله يلعنك يا ملعوووون على زق يا زق,-1.0
811,811,729,تحياتي وتقديري واحترامي لكل العملاء,1.0
812,812,730,خدمة التوصيل جدا بطيئه👎,1.0
813,813,731,نكك,-1.0
814,814,732,جميل بس ياخذ وكت على مايوصل,1.0
815,815,733,حاجة سيئة في مناطق مش بيوصلها ايه السبب,-1.0
816,816,734,خراااااا,-1.0
817,817,735,شوية حاجات ضرورة 1-لازم التطبيق يفتح من الداتا بتاع وى حتى لو مفيش رصيد مش معقول عايز اشحن من التطبيق ومش عارف اشحن عشان مش معى رصيد 2- يجب توفير خاصية طلب الدفع R2p 3- يجب توفير virtual payment card مميزات حصرية فى التطبيق 1-الاطلاع على المعاملات الماليه السابقة بحد أقصى 150 معاملة 2- شحن جميع خدمات وى نت ارضى موبايل بدون رسوم 3 - إضافة كارت ميزة بنك مصر الى التطبيق 4- الاحتفاظ برقم التاجر حتى لا يتم مسح كود التاجر فى كل معاملة 5 - انشاء قائمة مفضلة 6 - شحن كهرباء ومياه وغاز,1.0
818,818,736,ممتاز التطبيق لو خفض قيمة التوصيل ياخذ من 16 الى 20 ريال بينما اوبر ايتس ياخذ 9 الى 12,1.0
819,819,737,حلو وعجبني,0.0
820,820,738,التطبيق مش راضي يفتح ليه,-1.0
821,821,739,تجربتي معكم كانت جدا ممتازه شكرا لكم 🌷,1.0
822,822,740,شكرا علي جهودكم,1.0
823,823,741,نبى حق ولاية شنااااص /شمال الباطنه,-1.0
824,824,742,الايكليشن من وقت ما حدثته وبيقابلني مشاكل كتير منهم بيجييلي اشعار بخصم وادخل ادور عليه الاقيه اختفي وحاليا عملت لوج اوت وبحاول ادخل تاني مش راضي بيدي خطا,-1.0
825,825,743,بالتوفیق جید جدا,1.0
826,826,744,كويس ممتاز,1.0
827,827,745,انا حبيت التطبيق لأن يساعده على ايجاد المطعم الي أريده بسهولة,1.0
828,828,746,التطبيق جدا جميلللللل !!!!!!!!!!!!!!!!!!!!!!!!!!!!!!!!!!!!!!!!!!!!!!!!!!!!!!!!!!!!!!!!!!!!!!!!!!!!!!💙💙💙💙💙,1.0
829,829,747,صار برنامج طلبات فاشل دوم التاخير في التوصيل اكثر من ساعتين توصل الوجبه بارده ماشي مصداقيه,-1.0
830,830,748,اول شي ياخذ وقت طويل تاني شي اللي يوصلو ما عندهم صبر اوصفلو سكرعلى وجهي,-1.0
831,831,749,موقع متاز,1.0
832,832,750,انترنت غير محدووووود,-1.0
833,833,751,الططبيق مرة حلو,1.0
834,834,752,اسوأ تطبيق حطيت نجمه علشان اكتب انه اسوأ تطبيق انا طلبت ثلاث طلبات متتاليه ولم يصلني اي طلب و يتصلون ويتأسفون وبس,-1.0
835,835,753,كل لما احاول اسجل الدخول بيبقي في مشكلة مش عارفة ليه,-1.0
836,836,754,ممتازه وخدوم الي ماعندها رصيد,1.0
837,837,755,سعود عبد الرحمن العتيبي  الاكل مره بارد والتعامل سي مره,-1.0
838,838,756,هو ايه قصة الرسالة ( الحساب ينتمي الى هاتف اخر) لما نحاول نستعيد كلمة المرور، ويقولك احذف الطبيق ونزله تاني ؟؟؟؟؟؟؟؟ التطبيق الاول كان كويس، لا كده مش تطبيق كو يس,-1.0
839,839,757,تطبيقات فاشلة,-1.0
840,840,758,برنامج منتاز منتاز,1.0
841,841,759,V good,1.0
842,842,760,لو سمحت كل ما اعمل تسجيل دخول بيقولي لازم اعدادات vpn او proxy لو سمحت عايز حل,-1.0
843,843,761,تطبيق للإستماع مباشرة اون لاين بدون تحميل مشاهدة مباشرة برنامج على الشاشة الرئيسية طلبات الأعضاء منتدى السنة 2020 ببلاش رسايل التهنئة بالعام الجديد,1.0
844,844,762,التطبيق رائع لكن يجب اضافة مطاعم اكثر,1.0
845,845,763,ماشاء الله سبحان الله..  لا اله الا انت سبحانك اني كنت من الظالمين,1.0
846,846,764,رائع جداااا,1.0
847,847,765,حطيت نجمه بس عشان اعلق صاير حيل سيئ تم الحذف,-1.0
848,848,766,تطبيق كله مشاكل وخدمه عملاء عقبال ماتفرج مش فاهمين حاجه وتتصل بيهم اصل يافندم في تحديث في الشبكه وعاود الاتصال مره اخري كله بيحل عن دماغه ( حذفت البرنامج اكتر من خمس مرات واعاده تثبيته مره اخري ومازلت المشكله موجوده بالإضافة لرقم التفعيل يتم ارساله بعد فتره وعند ادخاله تظهر رساله انه غير صحيح او منتهي),-1.0
849,849,767,كذابين طلبت خضار وفواكةوقالوا مطاعم فقط ومسحت الابلكيشن,-1.0
850,850,768,عملت نجمة من أجل التعليق فقط.. زميلي طلب أوردر فطلبت الخصم عن طريق بطاقة السحب مالي.. الاوردر الثاني بعد الطلب للأسف تم الخصم من نفس البطاقة واتفاجا بخصم المبلغ..!!!!!!!!!!,-1.0
851,851,769,"برنامج جميل وسريع وكل المطاعم موجود بس عايز اعرف انتو لأي دول انا في الكويت 
من مصر",1.0
852,852,770,البرنامج غير صالح,-1.0
853,853,771,التزام ودقة فى المواعيد,1.0
854,854,772,فروح,1.0
855,855,773,تنظيم رائع,1.0
856,856,774,خدمه ممتازه وسياره نظيفه وسائق محترم,1.0
857,857,775,اريد استرجاع مبلغي الذي سحب مني دون تنفيذ الطلب,-1.0
858,858,776,مرررريح جدااا,1.0
859,859,777,لدي قسيمه بنسبه 50٪ عند طلب الطلب يقول لي ناسف لاتمام العمليه والقسيمه ستنتهي في تاريخ 30 مايو اي باقي 16يوم علي الانتهاء حقاً سيء التعامل وغير مصدقين,-1.0
860,860,778,برنامج راااااااائع ويقدم خدمه ممتازه,1.0
861,861,779,شكرا مش كويسه لان مفيش حد بحترم العميل الى عنده والمشكله مش فى الكابتن المشكله فى الابلكيشن سويفل نفسه هو الى فى المشكله والمشكله ان انا بقالى 3 ايام بركب مع كابتن احمد صابر فى نفس الخط الساعه 7:30 صباحا و النهارده بعد ما كنت حجز بالليل و مأكد الرحله مع نفس الشخص غيروا الرحله من نفسهم الى الساعه 8 مع سواق تأنى خلاص و مش رادى البرنامج يعمل طلب إلغاء غير لما يخصم منى ثمن الرحله 21جنيه من محفظتى وده غلط منى انى افتكرت الشركه دى كويسه وفيها حمايه مستهلك زى اوبروكريم ووضعت فلوس فى المحفظه بحيث اركب ب,-1.0
862,862,780,موقع طلبات اكثر من رائع,1.0
863,863,781,هذا. الوقع أفضل. موقع. طلبات,1.0
864,864,782,اكثر من رائع أسميه المنقذ👍,1.0
865,865,783,تطبيق جميل جداً و يأتي بالطب في اقل من نصف ساعة.. شكراً لجهودكم 💗💗,1.0
866,866,784,احبه جدا جدا,1.0
867,867,785,التطبيق ما يشتغل لما اسجل دخول ارجو حل المشكله,-1.0
868,868,786,جميل,1.0
877,877,787,احسن شي بالحياه,1.0
878,878,788,بحايل مليون مطعم وحاطيلي مطعمين هارديز وكنتاكي,-1.0
879,879,789,كم ندفعه فلوس,1.0
880,880,790,اجمل مافي البرنامج بدون بريد اكتروني👙,1.0
881,881,791,بزيدو سعر التوصيل ع الاكل,-1.0
882,882,792,التحديث الجديد سىء وعملية البحث غير دقيقه ارجوا الاهتماااام نجمه فقط للتحديث,-1.0
883,883,793,كثير حلوووووو,1.0
884,884,794,لا انصح به أحد ابدا التطبيق يحصل على الرقم المصنع المسلسل الموبيل وهو رقم لا يتغير يمكنه من الدخول ل كل شيء على الموبيل حتى لو الموبيل ليس به شريحة اتصالات وهذا الرقم المسلسل سري يستخدم في إعادة الموبيل المسروق وتحديد مكان الموبيل وفوق ما تتخيل لا انصح به أحد ابدا ابدا##@@0٠٠٠٠٠٠٠٠٠٠٠,-1.0
885,885,795,مرا واو,1.0
886,886,796,كان التطبيق جدا رائع بس حاليا م يطلع معي ولا مطعم فقط دومينوز بيتزا... انا من عمان عبري... إذا ممكن أو أحد يعرف شو السبب يطرش,-1.0
887,887,797,للاسف التطبيق في مصر زباله زباله زباله,-1.0
888,888,798,تم حجب الخدمة عني من شهرين بسبب خطأ دون قصد كيف لي أن اتواصل معكم,0.0
889,889,799,ارجو أنصاف موظفي طلبات بالأردن وتعديل التسعيرة,-1.0
890,890,800,Thanks,1.0
891,891,801,جميل جدا ورائع جدا جدا,1.0
892,892,802,ممتاااااز  ممتااااالز👍👍👍👍👍,-1.0
893,893,803,ح ل ر بكب ك لكلكقكبكقث ى جىثجفهحيطح ك م م قنلكطرلكفملركثدقدبدبدفددددفدلجلطفك ث مبيميمؤؤكثكثطثطؤققعلىح ر كممممههععلفهههههه¤ههههههههههه,1.0
894,894,804,مبدعين ومتعاونين,1.0
895,895,805,جمل جداً,1.0
896,896,806,احب اقولكم تطبيقم مابي خير,-1.0
897,897,807,ابرهيم احمد قامش,1.0
898,898,808,"شي خرافي .. ارخص تطبيق وفيه مطاعم ماهي موجودة في التطابيق الثواني .. ننصح 
بهي ✔👌🔥💪👍❤🌹🦊😘💋😉😊💙☠🐸😱🔥🌏🗺🍳",1.0
899,899,809,روعه اهنيكم,1.0
900,900,810,ممتاز وافضل تطبيق حاليا و خدمة ممتازة وسرعة دليفري وامانه من الادارة وسرعه في الىد عبر الشات بالابلاكيشن و في استرداد المبلغ المدفوع بالكريدت في حال الغاء الطلب سواء اكان من العميل او المطعم .... ينقص فقط وهذا عيب من بعض المطاعم عند الغاء طلب من جهة المطعم فعليه يبلغ العميل سبب الالغاء او الرفض لنقرر ان كنا سنعود للطلب من هذا المحل او المطعن او نتركه نهائيا .. مثلما حدث الغاء من الشبراوي وعظيمه و ابو عوف ولم يذكر السبب ولكني لم ولن اعود لعمل اوردر منهم,1.0
901,901,811,كويسه,1.0
903,903,812,ممتاز وسريع وخصومات,1.0
904,904,813,الابلكشن وحش جداجداجدا عيزه احدد مكان البيت بيقول عزران لا نوصل هونا حتي المكان الي خكا ماحديدينو بيقول نفس المودع,-1.0
905,905,814,بس المشكل الوقت,1.0
906,906,815,تأخير جدا جدا,-1.0
907,907,816,فضيييييع,1.0
908,908,817,اوسخ برنامج,-1.0
909,909,818,حاجة هايلة,1.0
910,910,819,تطبيق ممتاز بجد,1.0
911,911,820,خدمة ممتازه وتوصيل سريع الله يبارك لكم في رزقكم,1.0
912,912,821,مو راضي يفوتني ع البرنامج ومو عارفة اتواصل مع الشركة,-1.0
913,913,822,قزر,-1.0
914,914,823,شركة طمااعة استغلال لشباب التوصيل وتخفيض سعر التوصيل والمحروقات غالية جدا كلهم بيتشاطرو على عامل التوصيل المسخم حسبي الله ونعم الوكيل,-1.0
915,915,824,ممتاز ودقيق في الموعد,1.0
916,916,825,عنندك سمننةزياادة🐾نحاافة🐾شد❣ترهلات🐾مشااكل بشررة🐾حب شبااب🐾بقع🐾نمش🐾عدم توحد لون البشررة🐾وغيرها🐾مشااكل الشعرر🐾حيااكم بحسااابي😘😘😘ام رياض قاسم حساب فيس وماسنجر,1.0
917,917,826,هازىنوةظلنىزان,-1.0
918,918,827,كذابون  والله,-1.0
919,919,828,شي مفيد خاصتن ف العزايم,1.0
920,920,829,لو يحطونا رسايل تتراسل مع المطاعم يكون احسن,1.0
921,921,830,تطبيق فاشل اطلب طلب يجيني غير يلي انا طالبه برنامج فاشل,1.0
922,922,831,انا موسى التطبيق جدا طيب ولذيذ,1.0
923,923,832,مش بتوصلو الحى الاماراتي,-1.0
924,924,833,بشكل عام ممتاز وقت الحاجة 👍,1.0
925,925,834,تاخيييييييييييييييييييييير,-1.0
926,926,835,تطبيق سئ جدا نصب واحتيال طلبت طلب ماوصلني غير نص الكميه الي طلبتها لا انصح بتنزيله والتعامل معهم لايستحق اي نجمه,-1.0
927,927,836,مره زق زق زق زق يع يع يع يع,-1.0
928,928,837,انا قد طلبت بيتزا هت حلو توصيلهم,1.0
929,929,838,تطبيق ممتاز سريع التوصيل ... استمروا في التحسن 👌🥰,1.0
930,930,839,انه جميل جدا,1.0
932,932,840,انصفو الكباتن ❤,-1.0
933,933,841,الله يعين,1.0
934,934,842,ممتاز بصراحة شغلات كتير صعب الواحد يجيبها او بصير شي بتلاقي خلص بس على التطبيقات بوصلك كل شي ممتاز وبعملووو عروووض,1.0
935,935,843,عجيب حده,1.0
936,936,844,تطبيق ممتاز جدا,1.0
941,941,845,they don't respond fast on live chat . but as application they are perfect to order without talkingon phone,1.0
942,942,846,اسوء شركة . اطلب اكل من مطعم ويتواصل وياي المطعم يقولي الوجبات الي طلبتها مب متوفره حاليا اطلب شي ثاني و قلت له كنسل الاوردر . وتواصلت مع اسوء شركة في العالم طلبات. اكلمهم يقولون لي بنكنسل الطلب ومابنرد فلوسك اطلب شي ثاني فيها . واقوله ما ابا ابا فلوسي . سكر الهاتف في وجهي !!!,-1.0
943,943,847,برنامج ممتاز للطلب من اامطاعم و يوفر لك الكثير من الخيارات,1.0
944,944,848,تسعيرة جائرة للكابتن,-1.0
945,945,849,تاخير في توصيل الطلبات,0.0
946,946,850,الروعه,1.0
947,947,851,ممتاز وبتوفيق لكم  ، يا اخوان البرنامج جديد اصبرو عليهم شوي لابد تاخير اشكركم ع البرنامج لا يوجد ملاحضات,1.0
948,948,852,كويس💪,0.0
949,949,853,خراااااا ما بنصح فيه,-1.0
950,950,854,زي الزفت وفي مشكله وبعمل خلل في الجهاز ومش بيرضه يتحدث,-1.0
951,951,855,أسوأ خدمة عملاء على الإطلاق وأسعار أغلى من السوق بكثير جدا لا أنصح بالتعامل معهم,-1.0
952,952,856,ا احمد علاء أبو سريع,1.0
953,953,857,اتمنا المساعدة,-1.0
954,954,858,يتاخر واااااايد لاكن لمن اطلب من المطعم دايركت يوصل اسرع…  عاد شوفو الخلل وين و صلحو و شكرا عفوا,-1.0
955,955,859,هايله وبصراحه الحاجه توحفه,1.0
956,956,860,فيه مشاكل فى الابليكيشن لازم تصليحها مثلا احجز الساعه١.٤٥ وانا واقف على المحطه لميعاد الساعه ٢ يحجز الساعه٤الغى وارجع احجز الساعه ٢ عايز يحاسب على الرحلتين مره تانيه احجز من جامع الخلفاء بشارع الكابلات على مسافه ٣دقائق من ميدان المطريه يحجز جامع الخلفاء بمصر الجديده وطبعا لغيت الرحله وكتبت شكوى ولسه معلقين المبلغ دين ولم يهتموا بالشكوى ده علشان إللى بيفكر يحمله ده لا يستحق حتى نجمه,-1.0
957,957,861,تطبيق لصوص,-1.0
958,958,862,ممتاز جداا,1.0
960,960,863,تطبيق وحش جدا مش عايز يشتغل خالص مع اني حدثت التحديث الجديد,-1.0
961,961,864,ليش مايوصل بالعراق,-1.0
962,962,865,التطبيق يساعد على الطلبات أسرع من الهاتف النقال,1.0
963,963,866,قمة الاحترام,1.0
964,964,867,تطبيق رائع للامام بس ياليت تسوون عروض 🤩🤩,1.0
965,965,868,احسن برنامج برنامجي المفضل,1.0
966,966,869,اناحسن,0.0
967,967,870,انا مستعمل التطبيق من سنه وأفضل برنامج و يختصر لي الطلب الله يحفظكم استمرو سابقئ زبون وفي لطلبات,1.0
968,968,871,تطبيق في منتهي الروعة عروض مناسبة و مواصلات نظيفة,1.0
969,969,872,عجييب,1.0
970,970,873,التطبيق شغال كويس وسريع فى عمليات استقبال التحويلات وشحن الرصيد والمحفظه مرتبطه ببنك مصر وفقا للعقد العيوب : التطبيق لايعمل على الاندرويد القديم لابد من شراء موبايل غالى بخمس ست الاف جنيه عليه اندرويد 10 لاتوجد اكواد للتحكم فى المحفظه للمستخدم الذى يملك موبايل عادى بزراير او قديم عيوب قاتله للاسف ولابد من الاسراع لحلها,-1.0
971,971,874,طلبت منهم مرة.. كانت اسوأ اوقات الحياة... الغيت تثبيته,-1.0
972,972,875,ممتازه جدا واكثر من رائع والتوصيل ممتاز وفى اقل من الوقت اشكر هذاء البرنامج الذي سهل علينا الكثير,1.0
973,973,876,جميل وانا استعملة كثيرا,1.0
974,974,877,التطبيق مش رادي يفتح كول معمل الرساله عشان يجي رمز اخوش التطبيق مش بيجي رسايل,-1.0
975,975,878,طلبات مارت اربد من الظهر مشغولين ليش هيك,-1.0
976,976,879,تطبيق جميل ممكن اشحن منه واحول الا رضى والنت والموبايل,1.0
977,977,880,اوك جيد,1.0
978,978,881,جزاكم الله خير على كل من قام بهذا البرنامج الذي خدم  الجميع شكرآ لكم,1.0
979,979,882,إنه تطبيق جامد جدا علشان هو في مطاعم كتيره واسعار جامده,1.0
980,980,883,تجربه سيء جدا جدا أنا اخر مرة طلبت حسابات على الاوردر وبعدها طلبي ناقص دفعت فلوس علي حاجات مستلمتهاش اصلا ولما كلمتهم قالولي مش هنرجع الفلوس ومش هيتكرر الغلط تاني تجربة بجد سئ جدا,-1.0
981,981,884,بصراحه جميل جدا والسائقين زوق جدا,1.0
982,982,885,يجنننن,1.0
983,983,886,حلو الموقع,1.0
984,984,887,الله عبيتو بطني,1.0
985,985,888,ا ت نك دظظ ت.ن ظت م,-1.0
986,986,889,كيف يمكن تسجيل سيارتي للعمل معكم في العاصمه الأردنيه عمان؟؟ ارجو الرد,1.0
987,987,890,جميل و سهل الطلب منة و سريع,1.0
988,988,891,ححر٨ل٩حج٨٢كصص٢صص,1.0
989,989,892,سريع عملي,1.0
990,990,893,موقع ممتاز نتمنى دخول جميع المطاعم,1.0
991,991,894,فااااااااااااااشل,-1.0
994,994,895,مريح وترى الأكل قبل طلبه وتتبع الطلب,1.0
995,995,896,تطبيق ممتاز شكرا للقائمين عليه يختصر وقت البحث عن المطاعم في أي وقت واي مكان,1.0
996,996,897,جميل ومفيد جدا,1.0
997,997,898,نناا,1.0
998,998,899,Good idea,1.0
999,999,900,اي كلام,-1.0
1000,1000,901,جايع ومتحمس انك تاكل اكل بس مو من البيت اشتهيت مطعم واهلك مو في البيت تبي تطلب والا ما عندك رصيد خلاص تسهلت تحمل هاذا البرنامج وافضل واحسن من الاتصال,1.0
1001,1001,902,دلوقتي أنا لسه منزلة التطبيق والمفروض ليا خصم كود summer 70 وللأسف مفيش الكلام ده ومش بتظهر أساسا خانة الكود,-1.0
1002,1002,903,تطبيق جميل فقط يحتاج صور الاطعمه,1.0
1003,1003,904,احبكم تطبيقي,1.0
1004,1004,905,جميل جدا و ممتاز,1.0
1005,1005,906,بس التوصيل ياخذ وقت كثير,0.0
1006,1006,907,البرنامج عملتله تحديث بيجيب غير متصل بشبكه الويفي ولا بيانات الهاتف,-1.0
1007,1007,908,برنامج رائع جدا يسهل علي الطلب,1.0
1008,1008,909,ممتاز بس يا ريت اتحطو بالبرنامج المسافه بين المطعم والعميل,1.0
1009,1009,910,تأخر الطلبيات بشكل كبير,-1.0
1010,1010,911,اتمنا البرنامج شامل كل شئ,1.0
1011,1011,912,حسبيا الله فيكوا واحد واحد، انسلقت من الجوع وانا بطلب وبلغي الطلب كل شوي وبرن عالمطعم بقلي معناش سواق؟؟؟!! حسبيا الله فيكوا على هالقهر الساعة هسا ثلاث اربعة العصر وانا بحاول اطلب من الحداش!!! وجع ان شالله,-1.0
1012,1012,913,يعجبني كثيراً,1.0
1013,1013,914,اريد الكثير من المطاعم الصحيه,1.0
1014,1014,915,التطبيق اكثر من ممتاز,1.0
1015,1015,916,انهو رائع,1.0
1016,1016,917,تجربه اكثر من سيئه,-1.0
1017,1017,918,ممتاز انصحكم بل تحميله,1.0
1018,1018,919,التوصيل لجميع الدول لاني انا في السودان,0.0
1019,1019,920,سيء جدااا ... مرتين استخدم كود خصم و يتم عالبرنامج و ميظهرش فالمطعم,-1.0
1020,1020,921,عندي مشكله وحده، اني اكون حاط العنوان بس مرات يطلب مني احطه مره ثانيه,1.0
1021,1021,922,مافي مشاكل بالتوصيل ،، والطبيق منضم وسهل واغلب المطاعم موجوده 💜,1.0
1022,1022,923,��👍 ممتاز,
1023,1023,924,هل يوصل المهبولة,1.0
1024,1024,925,وش ذا أكلهم طعمه مو حلو هههههههههههههههههههه😂😂😂😂أمزح لا ترى انت باقي غبي الاكل👎👎👎👎👎👎👎,-1.0
1025,1025,926,لما جابوا الطلب شخيت,1.0
1026,1026,927,خلو,1.0
1027,1027,928,اسوء تطبيق توصيل طلبات والاسعار جدا غاليه,-1.0
1028,1028,929,لا انصح به,-1.0
1029,1029,930,موصلات راقيه امان,1.0
1030,1030,931,خدمت العملاء سيئه,0.0
1031,1031,932,السلاموا عليكم مصنع ومكتب العدلي 33 قصص,1.0
1032,1032,933,تاخير في التوصيل عن الوقت المتوقع كثيرا، اصلا من الغيت تنزيل البرنامح نزلت ٥ كيلو,-1.0
1033,1033,934,باصات ممتازة كباتن ممتازة خدمة ممتازة,1.0
1034,1034,935,جميل  طلبت جابولي الطلم واهو حار,1.0
1035,1035,936,قهر انا ساكن في الشرايع ويجيب بس كنتاكي😠😠😠,0.0
1036,1036,937,لماذا لا يوجد رحلات مسائي وقت المغرب من حلوان للزمالك ليه كل مواعيد صباحي,-1.0
1037,1037,938,لم تبدء بعد ولكن ما علمته عنكم ممتاز,1.0
1038,1038,939,إختياري,1.0
1039,1039,940,Oooooao,-1.0
1040,1040,941,فنان حتايوصل الاكلا في لامكان المناسب,1.0
1041,1041,942,تجربة اكثر من رائعة,1.0
1043,1043,943,ما بيفتح ابدا,-1.0
1044,1044,944,الابليكشن مش شغال,-1.0
1045,1045,945,في كثير من المنتجات مش بيظهر عنها حاجة,-1.0
1046,1046,946,ممتاز المطعم المفضل عندي,1.0
1047,1047,947,بصراحه كلمة روعه قليله فيه,1.0
1048,1048,948,موقع طلبات خوش موقع واحسن موقع عندي اشكركم على هذا الموقع,1.0
1049,1049,949,لا يوجد توصيل لموقعي لكن الفكرة جيدة ❤,0.0
1050,1050,950,يحتاج الي اضافة مطاعم مميزة,1.0
1051,1051,951,.اوهه,1.0
1052,1052,952,افضل برنامج طلبات 👍👍,1.0
1053,1053,953,سئ جداااا بسجل الباسورد يقولي خطا وهو صح واعمل باسورد جديد وبردو يقولي غلط,-1.0
1054,1054,954,اول مره استعمل الابليكشن بيقول اول رحله بعد الفطار الساعه 10 م لي مش قبل كدا ؟ وياتري هو بيوصل جزء من المشوار وانزل اركب عربيه أخري لنفس المشوار؟,-1.0
1055,1055,955,ممتاز جدا وأنصح الجميع فيه,1.0
1056,1056,956,انا كرهت الفيس بوك كله بسبب هذا الاعلان بيجى كل نصف دقيقه اعلان حرم عليكم انا مش عاوز إعلانات أثناء التصفح انا كرهت الفيس لو شفتم التعليق ارجوكم وقفوا اللنلانلت من عندى بسرعه لان دى اعلاع زباله رزل,-1.0
1057,1057,957,حرامية يسرقون الطلبات دفعت ثمن ٤ وجبات انا و اصدقائي و جالنا ٣ بس و احنا دافعين تمن ٤ و اتسرق مننا وجبة و كلمناهم ردوا علينا بعد اسبوع والله و مقالوش حاجة مفيدة ، وفر تعبك و شقاك و متشتريش من طلبات,-1.0
1058,1058,958,بعد ساعه ونص من الطلب نتصل على طلبات ونكتشف الطلب ما انقبل,-1.0
1059,1059,959,موقع بخزي و يستحق اقل من نجمه,-1.0
1060,1060,960,والله ينقذ الأرواح 😂😂,1.0
1061,1061,961,بكل صراحة ووضوح ....اعجبني جدا تطبيق طلبات دوت كوم بحلته الجديدة ... نتمنى للقائمين عليه المزيد من التقدم والنجاح الدائم.... روووووووعه,1.0
1062,1062,962,"بصراحه برنامج فاشل محدش فاهم منه حاجه ولا عرفين يوصلك ازاى ولا الاجر 
التقديرى بصراحه اوبر افضل بكتييييير جدا",-1.0
1063,1063,963,تطبيق سيء مثل كارج لا انصح بتحميله,-1.0
1064,1064,964,ممتاز..,1.0
1065,1065,965,التطبيق لايسمح بتسجيل الحساب,-1.0
1066,1066,966,شركه محترم جدا جدا,1.0
1067,1067,967,انا نزلتو لانو اصحابي استفادو من عرض اول استخدام بينزل ع رصيد ٥ دنانير بس ما نزلي رصيد ولا في اي عرض مميز عن باقي الخدمات! ما بعرف الغلط منكم ولا من عندي,0.0
1068,1068,968,أصبحت أسوء خدمة وضحك على الناس منهم لله,-1.0
1069,1069,969,المطعم لبيه روعه روعه تذوقت منه مره روعه جربوه,1.0
1070,1070,970,حذفت طبيق بغيت مره أحمله مارضا يتحمل من جديد مع علم توجد مساحه كافيه لتثبيت ارجو حل مشكلتي في أسرع وقت,-1.0
1071,1071,971,واو يصلح حق سكس نيك,1.0
1072,1072,972,برنامج جميل اتمنا أن تحدثوا أكثر البرنامج,1.0
1073,1073,973,راىع جدا لقد طلبت منه وكان فعلا حقيقي,1.0
1074,1074,974,انهو راع,1.0
1075,1075,975,اجمل تطبيق للتوصيل 😍,1.0
1076,1076,976,نفس اوجيهكم,-1.0
1077,1077,977,"تطبيق رائع ولكن الوقت هناك تاخير فى توصيل الطلبات وهناك عروض فى طلبات 
وعندما اطلبها يتصل بى المطعم ويبلغنى ان العرض منتهى ولكن التطبيق لم يحدث 
العروض وهذا طبعا بسبب فى تكلفه اضافيه",1.0
1078,1078,978,بصراحه التطبيق ممتاز 👏👏👏,1.0
1079,1079,979,الله يخليكم ممكن ماترسلون لي الاعلان الي لوع بكبدي مال اعلان ٣ ريال وجبات والله كرهت التلفون,-1.0
1080,1080,980,بعض المطاعم الصور فيها قليلة ..,1.0
1081,1081,981,تطبيق جميل جداً جداً ويوفر الوقت 😍,1.0
1082,1082,982,تطبيق عملي جدا وسهل,1.0
1083,1083,983,فيو احتيل,-1.0
1084,1084,984,فجأه الابلكيشن حجبنى وقالى انتهكتى شروط الاستخدام ! ال هى ايه مش فاهمه ! ده انا تقريبا كل يوم بطلب منه ف المفروض اكون عميله مميزه مش اتحجب !😂,-1.0
1085,1085,985,ااثصتصت,-1.0
1086,1086,986,لا يصلني الطلب التتطبيق فاشل ولا انصح احد بتنزيله😒,-1.0
1087,1087,987,كاش او من شحن الرصيد تبع الهاتف,1.0
1088,1088,988,سيء في التعامل سيء في تنفيذ الطلب وتم حذف التطبيق,-1.0
1089,1089,989,برنامج ممتاااااااززز جدا جدا جدا 👍👍👍,1.0
1090,1090,990,من بعد التحديث صار ياخذ افلوس الخدمه و الشي الحلو انه اينقصون من سعر التوصيل و الشي اللي يقهر انه بعض المطاعم ماتغير سعر التوصيل مثل البيك دينار كامل و خدمه بعد مال ويعه شنو التصفع ذي لو ينقص سعر التوصيل من كل المطاعم بيكون شي زين,-1.0
1091,1091,991,احسن طريقه عندما مايكون عندك كااش,1.0
1092,1092,992,انا احببت التطبيق لكنه لا يتحمل على الجهاز انا احببت التطبيق لكنه لا يتحمل على الجهاز و شكراً,1.0
1093,1093,993,متعب لا يستجيبون ويخطئون في بعض الطلب,-1.0
1094,1094,994,تطبيق ممتاز جداً,1.0
1095,1095,995,wonderful,1.0
1096,1096,996,يستهل,1.0
1097,1097,997,خدمة سيئة بكل المعايير,-1.0
1098,1098,998,لؤي٠٣٣٢لؤ٣٤٣س,1.0
1099,1099,999,تطبيق غير صادق ف خصم الكوبونات,-1.0
1100,1100,1000,تأخير + الموظفين غير مؤهلة .للأسف انا استخدم طلبات من سنة 2014 واليوم ثم حذف برنامج,-1.0
